Rank,Tier,Player,Team,Pos,Eligible,Pos Rank,Pos Tier,Age,Sum z,Score,Value,ESPN ADP,Status,Games missed,Availability,Sources,Proj GP,G,A,PTS,+/-,PIM,PPG,PPA,SHP,ATOI,SOG,HIT,BLK
1,1,Connor McDavid,EDM,C,C,1,1,29,16.8,16.8,16.8,2.3,ACTIVE,0,,10,80.0,41.9,90.2,132.1,19.7,41.9,11.9,37.4,1.7,22.3,279.4,55.6,32.2
2,2,Nathan MacKinnon,COL,C,C,2,2,31,15.5,15.5,15.5,1.8,ACTIVE,0,,10,82.0,45.7,78.9,124.6,46.7,38.6,9.9,24.6,0.3,22.2,351.1,60.4,46.5
3,3,Nikita Kucherov,TBL,RW,RW,1,1,33,12.9,12.9,12.9,4.2,ACTIVE,0,,10,79.0,40.6,87.2,127.8,31.0,45.6,8.6,33.7,0.4,20.4,250.6,40.2,33.8
4,4,Leon Draisaitl,EDM,C,C,3,3,30,10.6,10.6,10.6,10.2,ACTIVE,0,,10,76.0,42.8,66.1,109.0,19.0,39.3,17.9,25.3,0.8,20.6,225.6,46.0,26.0
5,4,Macklin Celebrini,SJS,C,C,4,3,20,10.1,10.1,10.1,3.9,ACTIVE,0,,10,81.0,42.7,67.1,109.8,-1.6,42.1,9.7,23.3,0.5,21.3,295.7,54.4,58.1
6,4,Cale Makar,COL,D,D,1,1,27,8.8,10.0,10.0,11.2,OUT,0,"Lower-body injury (summer); full practice participant, shed non-contact jersey Sep 22; expected to play a preseason game Sep 25/26 and be ready for opener",10,80.0,23.0,64.6,87.6,29.1,24.6,6.9,26.1,1.6,24.5,224.8,44.5,130.3
7,5,Evan Bouchard,EDM,D,D,2,2,26,8.0,9.1,9.1,17.0,ACTIVE,0,,10,84.0,18.7,67.2,85.9,23.4,32.9,6.2,26.3,2.0,24.5,225.6,33.1,105.4
8,5,David Pastrnak,BOS,RW,RW,2,2,30,9.1,9.1,9.1,7.9,ACTIVE,0,,10,81.0,36.4,66.3,102.7,4.0,59.1,10.0,21.2,0.3,20.0,293.4,81.5,30.8
9,6,Brady Tkachuk,FLA,LW,LW,1,1,27,7.7,7.7,7.7,20.6,OUT,0,"Now with FLA (traded from OTT); left Sep 22 preseason game for precautionary reasons, coach expects him back on ice Sep 23",10,76.0,31.1,39.9,71.0,6.0,101.5,9.6,14.4,0.5,17.1,296.7,226.1,31.7
10,6,Kirill Kaprizov,MIN,LW,LW,2,1,29,7.7,7.7,7.7,18.7,ACTIVE,0,,10,76.0,44.7,49.8,94.5,12.5,33.4,15.8,16.5,0.3,21.5,269.0,55.0,33.9
11,6,Quinn Hughes,MIN,D,D,3,3,26,6.4,7.5,7.5,29.0,ACTIVE,0,,10,77.0,12.8,73.6,86.4,2.2,38.3,4.0,32.0,0.3,26.9,205.6,19.1,90.9
12,6,Zach Werenski,CBJ,D,D,4,3,29,6.3,7.5,7.5,12.0,ACTIVE,0,,10,79.0,21.0,60.6,81.6,7.6,27.4,4.2,17.6,1.3,26.4,270.8,33.4,118.6
13,6,Rasmus Dahlin,BUF,D,D,5,3,26,6.2,7.4,7.4,39.3,ACTIVE,0,,10,80.0,18.7,55.4,74.1,11.8,72.0,6.2,16.8,0.8,24.3,209.1,89.1,98.7
14,6,Matt Boldy,MIN,LW,LW/RW,3,1,25,7.2,7.2,7.2,10.0,ACTIVE,0,,10,80.0,38.5,46.7,85.2,11.1,40.5,10.8,18.2,2.4,20.2,265.7,61.5,62.0
15,6,Jason Robertson,DAL,LW,LW,4,1,27,7.0,7.0,7.0,7.7,ACTIVE,0,,10,83.0,41.1,51.7,92.7,17.6,28.6,12.5,22.5,0.3,20.1,274.7,57.3,37.9
16,6,Jack Eichel,VGK,C,C,5,4,29,6.4,6.4,6.4,26.8,ACTIVE,0,,10,76.0,31.1,62.1,93.2,21.6,21.1,4.6,26.1,2.0,20.8,270.8,39.3,51.5
17,6,Moritz Seider,DET,D,D,6,4,25,5.1,6.3,6.3,24.4,ACTIVE,0,,10,83.0,9.8,45.0,54.7,9.7,51.5,3.3,22.2,0.8,25.0,173.8,152.3,188.2
18,7,Nick Suzuki,MTL,C,C,6,4,27,6.1,6.1,6.1,20.5,ACTIVE,0,,10,84.0,30.1,63.1,93.2,24.6,24.5,9.4,26.9,1.0,20.6,181.7,65.1,64.4
19,7,Matthew Tkachuk,FLA,RW,RW,3,3,28,5.9,5.9,5.9,33.4,ACTIVE,0,,10,76.0,30.0,52.7,82.7,-0.9,84.8,11.4,21.1,0.5,17.9,231.4,101.4,24.0
20,7,Auston Matthews,TOR,C,C,7,4,29,5.9,5.9,5.9,11.3,ACTIVE,0,,10,75.0,43.0,41.1,84.1,1.3,26.1,9.8,11.9,1.1,20.7,304.0,63.2,95.2
21,7,Mikko Rantanen,DAL,RW,LW/RW,4,3,29,5.8,5.8,5.8,61.9,ACTIVE,0,,10,76.0,29.3,58.6,87.9,3.9,78.1,9.1,25.8,0.3,20.0,187.7,57.9,42.3
22,7,Martin Necas,COL,RW,RW,5,3,27,5.8,5.8,5.8,31.5,ACTIVE,0,,10,80.0,34.3,60.2,94.6,28.8,30.3,10.4,16.8,0.3,21.2,220.5,85.2,29.5
23,7,Wyatt Johnston,DAL,C,C/RW,8,4,23,5.2,5.2,5.2,27.6,ACTIVE,0,,10,83.0,40.1,43.6,83.7,-1.6,31.4,19.7,14.5,0.6,20.3,217.2,55.9,53.9
24,7,Brandon Hagel,TBL,LW,LW,5,2,28,5.2,5.2,5.2,65.5,ACTIVE,0,,10,78.0,38.0,46.9,84.9,29.1,61.5,4.7,9.5,2.8,20.2,230.5,55.3,49.8
25,7,Tom Wilson,WSH,RW,RW,6,3,32,5.2,5.2,5.2,111.8,ACTIVE,0,,10,77.0,29.4,32.4,61.8,10.2,111.8,8.1,6.0,2.3,19.1,170.5,204.7,67.2
26,7,Jake Guentzel,TBL,LW,LW,6,2,31,4.9,4.9,4.9,27.5,ACTIVE,0,,10,81.0,36.5,48.5,85.0,15.1,43.0,9.7,19.3,1.8,19.8,219.3,40.9,45.2
27,7,Tim Stutzle,OTT,C,C/LW,9,5,24,4.8,4.8,4.8,51.4,ACTIVE,0,,10,82.0,30.2,52.1,82.3,3.7,39.6,6.7,21.7,2.2,20.1,196.0,127.5,46.5
28,8,Charlie McAvoy,BOS,D,D,7,5,28,3.1,4.3,4.3,117.0,SUSPENSION,6,"Suspended first 6 regular-season games (slash on Zach Benson, 2026 playoffs); did not appeal; playing preseason",10,74.0,11.1,46.2,57.3,8.7,72.1,2.4,16.7,1.8,23.8,136.5,109.7,148.8
29,8,Jack Hughes,NJD,C,C/LW,10,5,25,4.3,4.3,4.3,45.8,ACTIVE,0,"Healthy; full participant, says he's healthy to begin camp",10,69.0,34.3,57.5,91.8,4.4,20.8,6.6,22.2,1.0,20.4,278.7,19.6,40.2
30,8,Sebastian Aho,CAR,C,C,11,5,29,3.8,3.8,3.8,62.6,ACTIVE,0,,10,80.0,30.5,51.2,81.7,9.8,45.7,7.3,19.5,2.6,19.4,206.7,64.5,26.9
31,8,Matthew Schaefer,NYI,D,D,8,6,19,2.2,3.4,3.4,29.5,ACTIVE,0,,10,82.0,21.4,40.5,61.9,10.6,38.4,7.0,11.0,0.8,24.2,230.8,43.6,114.0
32,8,Sam Reinhart,FLA,RW,RW,7,4,30,3.3,3.3,3.3,53.1,ACTIVE,0,,10,77.0,38.1,38.8,76.9,-10.2,21.9,14.1,15.1,2.2,20.1,205.5,79.8,55.8
33,8,Adam Fox,NYR,D,D,9,6,28,2.1,3.3,3.3,101.6,ACTIVE,0,,10,75.0,12.3,59.3,71.5,8.1,36.5,5.0,24.2,0.9,23.1,139.1,45.1,117.5
34,8,Filip Forsberg,NSH,LW,LW,7,3,32,3.3,3.3,3.3,19.2,ACTIVE,0,,10,83.0,37.1,39.5,76.6,-5.3,37.4,10.6,15.7,0.2,18.7,256.8,129.6,41.6
35,8,Mark Scheifele,WPG,C,C,12,5,33,3.2,3.2,3.2,44.1,ACTIVE,0,,10,82.0,34.4,57.0,91.4,2.1,50.0,7.8,14.0,0.7,21.1,174.6,46.7,50.7
36,8,Dylan Larkin,DET,C,C,13,6,30,3.1,3.1,3.1,76.8,OUT,2,Upper-body injury; returned to team practice September 23; possible preseason return Saturday. Retain two-game estimate pending clearance.,10,78.0,34.5,37.4,71.9,0.1,46.6,14.3,11.6,1.5,19.9,238.9,52.6,37.2
37,8,Kyle Connor,WPG,LW,LW,8,3,29,3.1,3.1,3.1,26.6,ACTIVE,0,,10,82.0,38.8,50.3,89.1,1.3,18.8,5.9,16.1,1.8,20.9,266.0,31.1,27.5
38,8,Jake Sanderson,OTT,D,D,10,6,24,1.9,3.1,3.1,76.2,OUT,0,Minor undisclosed issue; missed September 23 skate. No confirmed regular-season absence; recheck before draft.,10,76.0,14.3,44.6,58.9,10.4,18.0,5.5,18.4,1.7,24.7,178.7,44.4,154.2
39,8,Mikhail Sergachev,UTA,D,D,11,6,28,1.8,3.0,3.0,102.8,ACTIVE,0,,10,78.0,10.7,48.9,59.6,-1.5,44.1,3.8,20.7,1.8,24.2,154.0,54.1,138.7
40,8,Jakob Chychrun,WSH,D,D,12,6,28,1.7,2.8,2.8,49.3,ACTIVE,0,,10,80.0,21.4,33.2,54.7,11.1,60.6,7.0,10.0,0.5,22.8,211.9,65.1,119.5
41,8,Darren Raddysh,TOR,D,D,13,6,30,1.6,2.8,2.8,76.9,ACTIVE,0,,10,77.0,15.5,45.7,61.2,16.0,49.2,7.2,14.8,0.8,22.3,189.2,72.1,89.7
42,8,Roman Josi,NSH,D,D,14,6,36,1.6,2.7,2.7,50.2,ACTIVE,0,,10,74.0,14.6,46.5,61.2,-12.8,38.9,4.4,20.7,0.8,24.3,205.6,44.0,128.4
43,9,Lane Hutson,MTL,D,D,15,6,22,1.4,2.6,2.6,61.3,ACTIVE,0,,10,81.0,9.8,64.0,73.8,24.6,37.4,1.8,19.8,0.6,23.6,123.0,35.5,132.2
44,9,Tage Thompson,BUF,C,C/RW,14,6,28,2.5,2.5,2.5,24.2,ACTIVE,0,,10,80.0,40.8,38.2,78.9,-4.0,37.0,7.5,14.7,0.4,19.1,267.2,85.3,43.6
45,9,Aleksander Barkov,FLA,C,C,15,6,31,2.4,2.4,2.4,85.9,ACTIVE,0,,9,73.0,23.4,56.1,79.5,12.7,25.0,8.1,21.8,0.5,19.7,182.3,99.8,60.3
46,9,Adrian Kempe,LAK,RW,RW,8,5,30,2.4,2.4,2.4,53.6,ACTIVE,0,,10,81.0,34.4,38.9,73.3,10.9,53.2,5.4,12.6,1.1,19.1,235.4,119.2,38.2
47,9,Miro Heiskanen,DAL,D,D,16,6,27,1.2,2.4,2.4,86.7,ACTIVE,0,,10,75.0,8.9,50.1,59.0,10.1,34.6,1.8,22.1,1.8,25.0,156.6,35.8,133.1
48,9,Juraj Slafkovsky,MTL,LW,LW/RW,9,4,22,2.3,2.3,2.3,55.8,ACTIVE,0,,10,83.0,28.1,42.4,70.5,3.3,51.0,12.2,11.8,0.2,18.7,178.9,130.8,76.9
49,9,Mika Zibanejad,NYR,C,C,16,6,33,2.2,2.2,2.2,41.2,ACTIVE,0,,10,82.0,29.1,44.2,73.2,-16.4,19.8,12.9,16.5,1.8,20.3,211.8,86.0,51.5
50,9,Mitch Marner,VGK,RW,RW,9,5,29,2.1,2.1,2.1,53.4,ACTIVE,0,,10,81.0,26.0,62.5,88.5,14.9,23.1,6.2,21.5,1.5,19.8,170.8,35.4,47.2
51,9,Andrei Svechnikov,CAR,LW,LW,10,4,26,2.1,2.1,2.1,112.0,ACTIVE,0,,10,77.0,28.5,39.5,68.0,0.8,67.3,11.2,15.0,0.3,17.0,207.4,157.1,23.5
52,9,John Carlson,TBL,D,D,17,6,36,0.8,2.0,2.0,65.6,ACTIVE,0,,10,77.0,13.0,49.1,62.2,10.3,34.1,3.7,15.5,1.9,22.8,171.7,43.2,129.0
53,9,Sidney Crosby,PIT,C,C,17,6,39,1.9,1.9,1.9,59.8,ACTIVE,0,,10,76.0,31.8,51.1,82.9,-2.9,42.6,10.7,13.7,0.3,19.0,200.0,74.7,38.3
54,9,Alex DeBrincat,DET,LW,LW,11,4,28,1.9,1.9,1.9,26.5,ACTIVE,0,,10,83.0,38.1,40.1,78.2,3.7,25.3,13.6,10.4,0.3,18.6,265.8,44.2,40.1
55,9,Cole Caufield,MTL,LW,LW,12,4,25,1.8,1.8,1.8,13.5,ACTIVE,0,,10,82.0,43.1,36.5,79.6,17.4,16.1,11.3,14.4,0.2,18.2,260.7,55.6,26.1
56,9,Clayton Keller,UTA,LW,LW,13,4,28,1.7,1.7,1.7,46.3,ACTIVE,0,,10,83.0,28.4,59.7,88.1,9.3,35.7,5.4,23.6,0.2,18.8,221.3,11.5,31.7
57,9,J.T. Miller,NYR,C,C/LW,18,6,33,1.6,1.6,1.6,124.4,ACTIVE,0,,10,77.0,23.9,47.7,71.6,-19.4,46.5,7.5,17.3,1.6,19.6,169.3,159.9,49.8
58,9,Alex Tuch,WSH,RW,RW,10,5,30,1.6,1.6,1.6,31.8,ACTIVE,0,,10,81.0,31.0,34.2,65.2,16.2,52.6,5.0,5.6,3.2,18.6,203.6,81.1,94.4
59,9,William Nylander,TOR,RW,RW,11,5,30,1.6,1.6,1.6,37.6,ACTIVE,0,,10,80.0,37.3,52.2,89.5,-8.8,23.2,9.0,18.3,0.3,19.5,229.7,20.9,32.0
60,9,Dylan Guenther,UTA,RW,RW,12,5,23,1.4,1.4,1.4,65.3,ACTIVE,0,,10,77.0,38.1,35.7,73.8,2.5,30.6,11.4,14.7,0.5,17.7,250.3,68.6,38.0
61,9,Connor Bedard,CHI,C,C/RW,19,7,21,1.3,1.3,1.3,90.4,OUT,15,"Left shoulder surgery (injured Jul 2), ~4 months; skating solo, no contact; projected early-November return",10,66.0,31.2,48.3,79.5,-18.6,51.8,7.7,16.0,0.3,19.9,233.1,48.3,35.2
62,9,Vincent Trocheck,UTA,C,C,20,7,33,1.2,1.2,1.2,83.6,ACTIVE,0,,10,78.0,22.0,38.0,60.1,-7.6,59.8,4.5,11.8,1.9,19.8,169.4,207.9,64.6
63,9,Nico Hischier,NJD,C,C,21,7,27,1.2,1.2,1.2,69.4,ACTIVE,0,,10,80.0,30.5,40.7,71.2,-1.2,25.4,10.9,13.3,1.6,20.2,206.5,56.2,61.1
64,9,Mark Stone,VGK,RW,RW,13,5,34,1.2,1.2,1.2,141.3,ACTIVE,0,"Healthy; participating in camp, no current injury reported",10,66.0,27.7,50.4,78.1,21.1,20.4,8.9,19.2,1.6,18.6,164.2,48.1,55.3
65,10,Cutter Gauthier,ANA,LW,LW,14,4,22,1.0,1.0,1.0,51.9,ACTIVE,0,,9,80.0,39.6,32.4,72.0,-0.3,29.2,10.4,9.5,0.5,17.9,294.5,72.5,31.2
66,10,Erik Karlsson,PIT,D,D,18,7,36,-0.3,0.9,0.9,100.2,ACTIVE,0,,10,80.0,13.6,49.5,63.1,-0.3,27.7,3.3,19.8,1.3,23.7,189.6,28.6,83.1
67,10,Seth Jarvis,CAR,RW,RW,14,5,24,0.8,0.8,0.8,86.5,OUT,13,"Late-June shoulder surgery (labrum + rotator cuff), 4-6 month timeline; back on ice Sep 17, ahead of schedule, expected back in October but not for opener",10,67.0,32.7,36.2,68.9,8.1,25.1,7.3,13.8,2.2,18.7,222.7,91.6,42.5
68,10,Artemi Panarin,LAK,LW,LW,15,4,34,0.8,0.8,0.8,42.7,ACTIVE,0,,10,81.0,32.7,56.8,89.5,-6.0,21.4,5.8,21.0,0.2,19.9,234.3,16.2,16.2
69,10,Josh Morrissey,WPG,D,D,19,7,31,-0.4,0.7,0.7,90.1,ACTIVE,0,,10,81.0,13.0,46.9,59.9,8.7,34.3,2.5,16.2,0.6,24.1,164.3,45.2,120.7
70,10,Jackson LaCombe,ANA,D,D,20,7,25,-0.5,0.7,0.7,113.8,ACTIVE,0,,10,80.0,11.2,45.2,56.4,-4.1,27.9,2.6,13.9,1.4,24.9,153.1,76.5,140.6
71,10,Bo Horvat,NYI,C,C,22,7,31,0.5,0.5,0.5,106.1,ACTIVE,0,,10,77.0,33.2,31.5,64.7,3.0,36.3,7.2,9.2,1.9,20.1,247.1,69.6,44.5
72,10,Travis Konecny,PHI,RW,RW,15,6,29,0.4,0.4,0.4,135.3,ACTIVE,0,,10,80.0,26.9,43.9,70.8,4.0,58.7,4.4,11.1,1.3,19.2,187.3,105.9,40.4
73,10,Zach Hyman,EDM,RW,RW,16,6,34,0.2,0.2,0.2,43.9,ACTIVE,0,,10,74.0,37.5,27.7,65.1,14.5,39.7,12.0,7.6,0.3,19.2,222.9,77.3,31.8
74,10,Dylan Cozens,OTT,C,C/RW,23,7,25,0.1,0.1,0.1,109.9,ACTIVE,0,,10,83.0,25.2,33.6,58.9,-5.8,54.5,9.8,13.0,0.3,16.8,204.4,204.4,31.1
75,10,Leo Carlsson,ANA,C,C,24,7,21,0.1,0.1,0.1,122.6,ACTIVE,0,,10,76.0,33.7,41.4,75.1,2.2,31.3,6.8,14.0,1.5,19.5,213.0,26.4,39.7
76,10,Drake Batherson,OTT,RW,LW/RW,17,6,28,0.0,0.0,0.0,100.8,ACTIVE,0,,10,82.0,29.4,40.8,70.2,-6.4,34.9,11.6,16.8,0.2,17.6,185.2,127.6,27.9
77,10,Bryan Rust,PIT,RW,RW,18,6,34,0.0,0.0,0.0,120.4,ACTIVE,0,,10,73.0,31.3,37.2,68.5,-4.9,28.0,7.4,15.4,1.6,19.4,203.3,53.5,69.2
78,10,Dylan Holloway,STL,LW,LW/RW,16,5,25,-0.0,-0.0,-0.0,110.2,ACTIVE,0,,10,74.0,29.6,38.1,67.7,10.8,29.7,7.0,7.1,0.5,18.2,211.4,172.0,54.9
79,10,MacKenzie Weegar,UTA,D,D,21,8,32,-1.4,-0.3,-0.3,49.2,ACTIVE,0,,10,81.0,6.9,28.9,35.8,-15.8,67.8,1.1,7.7,0.9,22.4,154.6,180.7,182.0
80,10,Joel Eriksson Ek,MIN,C,C,25,7,29,-0.3,-0.3,-0.3,172.0,ACTIVE,0,,10,75.0,23.6,32.6,56.1,12.4,40.6,8.3,9.3,1.3,18.7,222.5,128.2,49.3
81,10,Kirill Marchenko,CBJ,LW,LW/RW,17,5,26,-0.3,-0.3,-0.3,86.4,ACTIVE,0,,10,79.0,30.1,40.1,70.3,8.4,29.1,6.5,16.0,0.5,18.8,225.4,64.5,43.4
82,10,Robert Thomas,STL,C,C,26,8,27,-0.3,-0.3,-0.3,171.9,ACTIVE,0,,10,74.0,26.0,54.3,80.3,20.0,32.2,4.1,15.6,2.0,19.3,144.9,21.2,50.9
83,10,Lucas Raymond,DET,LW,LW/RW,18,5,24,-0.5,-0.5,-0.5,121.2,ACTIVE,0,,10,81.0,26.9,51.6,78.5,-2.3,24.4,7.6,21.4,0.4,18.6,183.7,48.4,32.2
84,11,Filip Hronek,VAN,D,D,22,8,28,-1.8,-0.6,-0.6,169.8,ACTIVE,0,,10,79.0,7.9,41.1,49.0,-14.5,41.2,2.4,13.2,1.3,25.1,134.8,126.9,102.7
85,11,Sam Bennett,FLA,C,C,27,8,30,-0.8,-0.8,-0.8,137.9,ACTIVE,0,,10,77.0,25.8,30.3,56.1,-7.2,82.8,5.8,7.8,0.9,17.4,210.7,134.5,42.5
86,11,Brock Faber,MIN,D,D,23,8,24,-2.1,-0.9,-0.9,78.4,ACTIVE,0,,10,82.0,12.8,33.5,46.3,13.5,36.6,1.1,8.9,1.6,24.4,163.7,39.2,144.6
87,11,Porter Martone,PHI,RW,RW,19,7,19,-0.9,-0.9,-0.9,199.6,ACTIVE,0,,7,76.0,27.5,35.0,62.5,4.6,48.7,8.4,10.0,0.3,17.1,221.0,135.0,24.8
88,11,Steven Stamkos,NSH,C,C/LW/RW,28,8,36,-0.9,-0.9,-0.9,62.1,ACTIVE,0,,10,83.0,35.0,27.5,62.6,-19.5,50.9,13.6,11.4,0.3,17.6,201.4,84.2,40.1
89,11,Nick Schmaltz,UTA,C,C/RW,29,8,30,-0.9,-0.9,-0.9,103.9,ACTIVE,0,,10,82.0,27.9,41.6,69.5,6.2,22.7,9.7,10.8,1.8,19.4,191.5,22.7,50.7
90,11,Jesper Bratt,NJD,RW,RW,20,7,28,-0.9,-0.9,-0.9,118.0,ACTIVE,0,,10,83.0,23.1,56.4,79.5,-4.6,14.9,5.5,19.4,1.2,18.4,184.9,77.8,31.7
91,11,Noah Dobson,MTL,D,D,24,8,26,-2.1,-1.0,-1.0,35.9,ACTIVE,0,,10,80.0,11.5,35.9,47.4,1.2,35.7,1.7,7.5,1.4,22.2,170.2,69.0,175.3
92,11,Mathew Barzal,NYI,C,C/RW,30,8,29,-1.0,-1.0,-1.0,176.5,OUT,4,"Aggravated prior left-kneecap injury (inflammation); no skating for ~2 weeks from Sep 16, week-to-week; opener Sep 30 not ruled out but doubtful",10,76.0,20.4,51.5,71.9,8.5,43.9,3.7,15.9,0.3,19.7,191.6,42.8,53.2
93,11,Evgeni Malkin,PIT,C,C/LW,31,8,40,-1.1,-1.1,-1.1,183.6,ACTIVE,0,,10,72.0,23.9,45.2,69.1,3.8,66.4,5.8,18.3,0.3,17.2,183.2,40.3,34.5
94,11,Brandt Clarke,LAK,D,D,25,8,23,-2.2,-1.1,-1.1,137.4,ACTIVE,0,,10,79.0,8.8,37.6,46.4,8.3,60.1,2.5,12.8,0.3,20.1,168.2,33.8,169.0
95,11,Rasmus Andersson,VGK,D,D,26,8,29,-2.3,-1.1,-1.1,75.2,ACTIVE,0,,10,82.0,12.7,27.9,40.6,-4.3,62.3,3.7,6.3,1.4,22.7,166.2,38.1,162.5
96,11,Shayne Gostisbehere,CAR,D,D,27,8,33,-2.3,-1.2,-1.2,153.8,ACTIVE,0,No current injury reported (CAR),10,74.0,12.9,44.8,57.7,7.8,38.7,5.9,19.1,0.3,19.0,153.5,49.1,90.5
97,11,Dougie Hamilton,NJD,D,D,28,8,33,-2.4,-1.3,-1.3,181.7,ACTIVE,0,,10,75.0,12.3,30.9,43.2,1.8,50.3,4.5,10.1,0.8,20.9,207.9,91.0,94.0
98,11,Pavel Dorofeyev,NYR,RW,LW/RW,21,7,25,-1.4,-1.4,-1.4,94.1,ACTIVE,0,,10,82.0,35.3,27.2,62.5,-0.8,28.1,15.4,9.4,0.2,17.6,237.0,32.1,35.2
99,11,Nikita Zadorov,BOS,D,D,29,8,31,-2.6,-1.4,-1.4,221.3,ACTIVE,0,,10,81.0,4.9,18.9,23.8,12.8,141.1,0.0,0.2,1.0,20.4,107.2,201.0,104.1
100,11,Bowen Byram,CHI,D,D,30,8,25,-2.7,-1.6,-1.6,115.0,ACTIVE,0,,10,82.0,12.3,36.3,48.7,2.3,51.8,2.7,10.5,1.1,23.4,126.0,63.7,110.7
101,11,Seth Jones,FLA,D,D,31,8,31,-2.9,-1.7,-1.7,209.6,ACTIVE,0,,10,71.0,9.5,34.1,43.6,-9.9,33.5,5.8,13.6,1.0,23.1,148.3,89.6,110.9
102,11,Victor Hedman,TBL,D,D,32,8,35,-2.9,-1.7,-1.7,151.5,ACTIVE,0,,10,74.0,9.5,39.6,49.1,9.5,41.7,2.3,14.7,1.1,21.0,147.4,57.0,116.2
103,11,Quinton Byfield,LAK,C,C,32,8,24,-1.7,-1.7,-1.7,186.9,ACTIVE,0,,10,81.0,26.9,33.8,60.6,4.0,47.5,5.8,8.2,1.5,19.7,188.1,74.3,42.1
104,11,Adam Fantilli,,C,C,33,8,,-1.8,-1.8,-1.8,131.0,OUT,2,"Not injured: unsigned RFA (CBJ), absent from camp; GM Waddell reported progress Sep 22, expects deal; small risk of missing early games",9,78.0,29.1,34.7,63.8,-8.4,34.3,4.9,8.3,0.3,19.0,223.2,131.1,52.9
105,11,Brayden Point,TBL,C,C/RW,34,8,30,-1.9,-1.9,-1.9,114.3,ACTIVE,0,,10,76.0,32.6,40.5,73.0,9.6,17.2,11.4,11.3,0.3,18.6,181.9,22.4,38.0
106,11,Ryan O'Reilly,NSH,C,C,35,8,35,-1.9,-1.9,-1.9,141.8,ACTIVE,0,,10,81.0,23.7,43.0,66.7,0.2,24.4,6.6,12.7,2.3,20.2,154.3,20.8,69.1
107,11,Roope Hintz,DAL,C,C,36,9,29,-1.9,-1.9,-1.9,154.2,ACTIVE,0,,10,74.0,26.0,38.8,64.9,15.8,30.2,8.7,14.7,0.6,16.9,180.5,75.4,37.8
108,11,Alex Ovechkin,WSH,LW,LW/RW,19,6,41,-2.0,-2.0,-2.0,61.4,OUT,0,"NOT retired: signed 1-yr deal for 2026-27 (July). Day-to-day lower-body injury, missed practice Sep 20-21, may skip preseason; no indication he misses regular season",10,81.0,32.8,30.7,63.5,-3.0,23.0,8.0,13.0,0.3,16.5,240.7,131.5,18.4
109,11,Brock Nelson,COL,C,C,37,9,34,-2.0,-2.0,-2.0,103.4,ACTIVE,0,,10,82.0,29.9,31.8,61.7,10.0,30.5,7.6,7.8,1.9,18.9,188.7,39.3,59.3
110,11,Darnell Nurse,SJS,D,D,33,9,31,-3.3,-2.1,-2.1,149.4,ACTIVE,0,,10,81.0,7.3,21.6,28.9,-5.3,86.8,0.0,1.5,1.0,21.1,167.8,150.5,160.0
111,11,Beckett Sennecke,ANA,RW,RW,22,8,20,-2.2,-2.2,-2.2,145.9,ACTIVE,0,,10,83.0,26.3,37.8,64.1,-9.2,59.5,2.7,11.8,0.4,18.1,212.2,100.9,28.6
112,12,Logan Cooley,UTA,C,C,38,9,22,-2.3,-2.3,-2.3,128.1,ACTIVE,0,,10,78.0,29.4,38.0,67.4,-0.7,41.4,7.8,10.0,1.1,17.6,164.5,75.6,39.9
113,12,Tomas Hertl,VGK,C,C,39,9,32,-2.3,-2.3,-2.3,138.3,ACTIVE,0,,10,79.0,27.2,31.8,59.0,-11.2,31.4,12.6,11.1,0.3,16.8,193.0,108.8,52.3
114,12,Timo Meier,NJD,LW,LW,20,6,29,-2.3,-2.3,-2.3,92.9,ACTIVE,0,,10,80.0,27.8,24.7,52.5,-9.3,38.0,7.2,5.7,0.3,17.9,259.6,135.2,59.4
115,12,Matthew Knies,TOR,LW,LW,21,6,23,-2.3,-2.3,-2.3,153.2,ACTIVE,0,,10,81.0,25.5,38.2,63.7,-18.8,39.1,5.9,10.0,1.3,18.3,155.8,168.5,38.9
116,12,Thomas Chabot,OTT,D,D,34,9,29,-3.5,-2.3,-2.3,101.8,ACTIVE,0,"Day-to-day for personal reasons (birth of first child), not injury; healthy",10,73.0,9.6,32.7,42.3,11.0,34.4,2.1,7.3,1.3,22.6,151.9,62.0,147.9
117,12,John Tavares,TOR,C,C,40,9,36,-2.4,-2.4,-2.4,109.3,ACTIVE,0,,10,81.0,30.8,37.3,68.1,-14.7,32.9,10.5,8.4,0.3,18.0,198.0,85.5,33.2
118,12,Brandon Montour,SEA,D,D,35,9,32,-3.7,-2.5,-2.5,184.6,ACTIVE,0,,10,75.0,13.0,26.3,39.3,-19.3,60.3,2.5,7.8,0.4,22.1,205.4,99.3,99.1
119,12,Rickard Rakell,PIT,RW,LW/RW,23,8,33,-2.6,-2.6,-2.6,171.4,ACTIVE,0,,10,75.0,29.1,30.9,59.9,-6.7,17.3,8.0,9.8,1.0,18.4,204.7,102.4,59.7
120,12,Kevin Fiala,LAK,LW,LW,22,6,30,-2.6,-2.6,-2.6,194.6,INJURY_RESERVE,14,"IR; follow-up procedure on Olympic left-leg fracture (announced Sep 10); GM's best-case target Nov 1, no guarantees",10,66.0,26.0,32.7,58.8,-7.4,45.4,7.6,14.7,0.3,18.4,204.6,61.2,32.1
121,12,Jacob Trouba,SJS,D,D,36,9,32,-3.8,-2.7,-2.7,127.9,ACTIVE,0,,10,80.0,6.7,22.4,29.1,-1.7,49.9,0.3,1.1,1.7,22.5,150.7,156.4,177.8
122,12,Elias Pettersson,VAN,C,C,41,9,27,-2.7,-2.7,-2.7,86.0,ACTIVE,0,,10,78.0,19.9,41.5,61.4,-19.8,20.5,6.3,16.9,0.9,19.0,154.3,84.7,102.9
123,12,Nikolaj Ehlers,CAR,LW,LW,23,6,30,-2.8,-2.8,-2.8,124.2,ACTIVE,0,,10,81.0,26.0,43.9,69.9,10.0,19.2,7.5,17.1,0.3,16.4,209.6,29.9,30.8
124,12,Mike Matheson,MTL,D,D,37,9,32,-4.0,-2.8,-2.8,103.2,ACTIVE,0,,9,81.0,7.2,29.6,36.8,1.1,44.1,0.8,3.4,2.3,24.1,128.3,64.3,163.4
125,12,Brad Marchand,FLA,LW,LW/RW,24,6,38,-2.8,-2.8,-2.8,175.1,INJURY_RESERVE,14,IR; rehabbing from August lower-body surgery through all of October; earliest return Nov 2 vs DET (first 14 games),10,66.0,27.4,33.5,60.9,-13.5,55.9,6.3,13.3,1.1,16.9,187.0,71.6,32.4
126,12,Morgan Geekie,BOS,RW,LW/RW,24,8,28,-2.9,-2.9,-2.9,109.3,ACTIVE,0,,10,80.0,34.5,28.5,63.0,-2.4,28.8,9.3,10.6,0.2,17.0,174.7,115.0,37.3
127,12,Trevor Zegras,PHI,C,C/LW,42,9,25,-2.9,-2.9,-2.9,185.6,ACTIVE,0,,10,76.0,23.5,39.4,62.8,-1.7,54.8,8.1,10.4,0.3,18.3,166.6,54.9,33.7
128,12,Vince Dunn,SEA,D,D,38,9,29,-4.1,-2.9,-2.9,167.4,ACTIVE,0,,10,76.0,12.0,34.5,46.5,-15.9,56.3,2.7,15.4,0.3,21.4,167.8,38.6,92.9
129,12,Neal Pionk,WPG,D,D,39,9,31,-4.3,-3.1,-3.1,,ACTIVE,0,,9,75.0,6.8,23.8,30.6,4.3,56.4,2.3,4.2,0.8,22.1,140.8,166.9,120.0
130,12,Shea Theodore,VGK,D,D,40,9,31,-4.3,-3.1,-3.1,195.0,ACTIVE,0,,10,72.0,9.8,41.9,51.7,17.0,31.6,2.4,8.1,0.9,22.2,151.2,18.2,103.4
131,12,Thomas Harley,DAL,D,D,41,9,25,-4.4,-3.2,-3.2,162.8,ACTIVE,0,,10,77.0,11.1,33.5,44.5,10.5,29.1,1.1,8.4,0.8,22.5,143.2,49.8,151.4
132,12,Will Cuylle,NYR,LW,LW,25,6,24,-3.3,-3.3,-3.3,191.8,ACTIVE,0,,10,83.0,20.9,20.3,41.1,-7.1,60.3,3.5,3.4,1.1,16.2,158.8,302.6,63.5
133,12,Gabriel Vilardi,WPG,RW,RW,25,8,27,-3.5,-3.5,-3.5,170.9,ACTIVE,0,,10,77.0,29.6,36.2,65.8,-4.9,24.1,12.2,11.3,0.3,18.1,156.8,27.3,44.0
134,12,Kiefer Sherwood,SJS,LW,LW/RW,26,6,31,-3.5,-3.5,-3.5,203.5,ACTIVE,0,,10,76.0,21.2,18.9,40.1,-12.0,48.9,3.6,3.6,1.1,16.5,171.6,359.5,35.5
135,12,Ryan Nugent-Hopkins,EDM,C,C/LW,43,9,33,-3.5,-3.5,-3.5,198.7,ACTIVE,0,,10,78.0,20.0,39.5,59.5,-3.4,26.6,8.9,18.3,1.1,18.5,155.9,34.6,38.9
136,12,Will Smith,SJS,RW,RW,26,8,21,-3.7,-3.7,-3.7,170.0,ACTIVE,0,,10,74.0,28.1,41.8,69.9,-3.3,21.4,9.3,10.9,0.3,18.2,190.7,25.7,19.2
137,12,Jimmy Snuggerud,STL,RW,RW,27,8,22,-3.7,-3.7,-3.7,218.4,ACTIVE,0,,10,75.0,25.9,36.2,62.1,11.6,24.4,7.3,5.8,0.3,17.3,202.3,81.7,47.3
138,12,Valeri Nichushkin,CBJ,RW,RW,28,8,31,-3.8,-3.8,-3.8,200.7,ACTIVE,0,"Healthy; TRADED COL->CBJ on Jun 25, 2026; on CBJ camp roster, expected PP/PK role",10,69.0,25.1,32.0,57.1,9.4,29.0,6.1,6.2,1.7,18.4,186.2,76.0,36.6
139,12,K'Andre Miller,CAR,D,D,42,10,26,-4.9,-3.8,-3.8,218.3,ACTIVE,0,,10,77.0,8.6,29.4,38.0,9.3,50.8,1.0,2.7,1.6,22.1,128.3,118.0,103.6
140,12,Mikael Granlund,ANA,C,C/LW,44,10,34,-3.8,-3.8,-3.8,196.2,ACTIVE,0,,10,75.0,20.9,37.9,58.8,-8.6,27.9,7.5,10.7,1.4,19.3,158.0,56.0,57.9
141,12,Dylan Strome,WSH,C,C,45,10,29,-3.8,-3.8,-3.8,173.5,ACTIVE,0,,10,82.0,22.6,43.0,65.5,-1.8,38.9,6.7,17.2,0.3,17.5,145.0,15.1,54.4
142,12,Luke Hughes,NJD,D,D,43,10,23,-5.0,-3.8,-3.8,202.8,ACTIVE,0,,10,74.0,9.3,38.4,47.7,-4.6,35.2,2.1,14.1,0.7,22.4,165.4,32.2,72.5
143,13,Aaron Ekblad,FLA,D,D,44,10,30,-5.0,-3.9,-3.9,,ACTIVE,0,"Healthy; broken finger from March healed, at camp",10,70.0,5.8,27.7,33.5,2.8,65.1,1.2,6.5,1.3,21.8,122.1,105.0,108.7
144,13,Anthony Cirelli,TBL,C,C,46,10,29,-3.9,-3.9,-3.9,219.3,ACTIVE,0,,10,77.0,23.9,31.2,55.1,29.4,43.5,3.0,2.3,3.3,17.2,144.7,55.2,61.6
145,13,Mattias Samuelsson,BUF,D,D,45,10,26,-5.2,-4.0,-4.0,186.2,OUT,0,,10,72.0,8.5,23.5,32.0,23.4,35.6,0.1,0.4,2.0,22.4,102.8,138.6,149.6
146,13,Nazem Kadri,COL,C,C/LW,47,10,35,-4.0,-4.0,-4.0,133.2,ACTIVE,0,,10,81.0,23.1,36.3,59.4,-21.9,41.0,6.5,12.7,0.3,17.8,222.4,54.6,33.4
147,13,Travis Sanheim,PHI,D,D,46,10,30,-5.2,-4.0,-4.0,178.1,ACTIVE,0,,10,82.0,9.0,27.6,36.6,6.0,31.8,0.8,2.8,2.0,24.2,113.5,58.9,159.3
148,13,Shane Pinto,OTT,C,C/RW,48,10,25,-4.0,-4.0,-4.0,,DAY_TO_DAY,0,,10,75.0,25.1,25.7,50.8,7.8,39.3,4.9,2.2,2.4,18.2,171.7,96.6,58.9
149,13,Cole Hutson,WSH,D,D,47,10,20,-5.3,-4.1,-4.1,211.1,ACTIVE,0,,7,74.0,11.0,33.6,44.5,-10.2,49.3,3.2,14.6,0.9,18.8,141.0,90.6,71.5
150,13,Sean Walker,CAR,D,D,48,10,31,-5.3,-4.2,-4.2,183.6,ACTIVE,0,,10,82.0,8.7,21.0,29.7,7.6,56.0,0.3,1.0,1.3,21.0,166.2,132.6,122.8
151,13,Alex Laferriere,LAK,RW,C/RW,29,9,24,-4.2,-4.2,-4.2,189.8,ACTIVE,0,,10,82.0,21.5,23.6,45.1,4.7,25.9,3.0,3.1,1.6,17.4,206.3,221.2,48.8
152,13,Simon Edvinsson,,D,D,49,10,,-5.4,-4.2,-4.2,,ACTIVE,0,Unsigned RFA (DET) but attending camp and practicing; talks ongoing,8,76.0,8.5,21.4,29.8,10.7,71.1,0.1,1.1,0.9,22.1,99.5,106.3,157.7
153,13,Patrick Kane,CHI,RW,RW,30,9,37,-4.3,-4.3,-4.3,124.2,ACTIVE,0,,10,73.0,21.3,43.2,64.6,-2.6,21.1,5.8,18.3,0.3,17.6,193.3,30.1,28.4
154,13,Blake Coleman,MIN,RW,RW,31,9,34,-4.3,-4.3,-4.3,198.7,ACTIVE,0,,10,78.0,21.4,21.9,43.3,9.7,51.4,1.7,2.0,2.3,16.9,191.8,162.2,57.5
155,13,Josh Manson,COL,D,D,50,10,34,-5.5,-4.3,-4.3,,ACTIVE,0,,10,75.0,5.1,23.8,28.9,27.4,80.0,0.1,0.3,1.2,17.9,122.1,174.7,104.6
156,13,Alexis Lafreniere,NYR,LW,LW/RW,27,7,24,-4.4,-4.4,-4.4,191.5,ACTIVE,0,,10,83.0,25.1,34.9,59.9,-5.6,29.5,7.6,6.7,0.2,18.2,179.1,91.4,38.9
157,13,Jake McCabe,TOR,D,D,51,10,32,-5.6,-4.4,-4.4,213.9,ACTIVE,0,,10,77.0,5.0,23.1,28.1,8.6,62.7,0.1,0.4,1.1,22.2,83.8,126.6,177.2
158,13,Owen Tippett,PHI,RW,RW,32,9,27,-4.6,-4.6,-4.6,104.7,ACTIVE,0,,10,80.0,26.7,25.0,51.6,-4.5,25.5,3.4,5.0,1.0,16.6,222.4,153.7,55.3
159,13,Mattias Ekholm,EDM,D,D,52,10,36,-6.0,-4.8,-4.8,196.9,ACTIVE,0,,10,80.0,7.3,31.9,39.2,27.6,35.3,0.8,2.9,1.1,20.8,138.8,68.1,119.3
160,13,Anton Lundell,FLA,C,C,49,10,24,-4.8,-4.8,-4.8,,ACTIVE,0,,10,74.0,19.9,29.6,49.6,-1.3,41.5,3.5,8.1,2.1,17.8,170.2,95.3,47.0
161,13,Ivan Demidov,MTL,RW,RW,33,9,20,-4.9,-4.9,-4.9,175.6,DAY_TO_DAY,0,Receiving treatment after puck struck right foot; missed September 23-24 practices. Finished the game after the incident. Regular-season absence not confirmed.,10,81.0,22.1,44.1,66.3,2.3,35.9,8.0,12.9,0.3,16.0,147.4,35.6,27.3
162,13,William Eklund,OTT,LW,LW,28,7,23,-4.9,-4.9,-4.9,199.0,ACTIVE,0,,10,80.0,19.7,38.9,58.6,-21.8,32.5,5.7,11.4,0.5,18.3,178.7,68.7,53.5
163,13,Mathieu Olivier,CBJ,RW,RW,34,9,29,-4.9,-4.9,-4.9,,ACTIVE,0,,10,71.0,17.7,16.1,33.9,5.6,112.7,0.7,1.2,0.7,14.4,119.6,252.0,60.6
164,13,Justin Faulk,DET,D,D,53,10,34,-6.1,-4.9,-4.9,167.5,ACTIVE,0,,9,77.0,9.8,25.4,35.2,-6.8,41.4,1.6,6.7,1.0,21.2,142.7,81.0,130.2
165,13,Kris Letang,PIT,D,D,54,10,39,-6.1,-5.0,-5.0,203.9,ACTIVE,0,,10,78.0,5.4,29.5,34.9,-4.7,48.3,1.6,7.5,0.6,21.8,121.2,112.9,108.6
166,13,Tyler Bertuzzi,CHI,LW,LW,29,7,31,-5.0,-5.0,-5.0,197.6,ACTIVE,0,,10,81.0,28.3,25.1,53.5,-18.0,44.7,10.4,8.6,0.2,18.0,164.0,65.3,31.5
167,13,Devon Toews,COL,D,D,55,10,32,-6.2,-5.0,-5.0,197.1,ACTIVE,0,,10,78.0,7.0,30.8,37.8,36.8,33.0,0.9,2.1,1.1,22.3,137.6,43.6,103.4
168,13,Jared McCann,SEA,LW,LW,30,7,30,-5.0,-5.0,-5.0,176.9,ACTIVE,0,,10,77.0,26.8,33.8,60.6,-4.5,21.2,8.5,10.8,0.3,16.3,184.2,57.0,40.3
169,13,Mason Marchment,SJS,LW,LW,31,7,31,-5.0,-5.0,-5.0,,ACTIVE,0,,10,72.0,22.1,31.0,53.1,13.5,60.5,4.6,6.1,0.3,16.6,151.1,99.5,35.2
170,13,Charle-Edouard D'Astous,TBL,D,D,56,10,28,-6.2,-5.0,-5.0,,ACTIVE,0,,9,74.0,6.7,25.6,32.3,-1.3,110.6,0.4,2.7,0.5,19.1,95.7,113.2,92.5
171,13,Carter Verhaeghe,FLA,LW,LW,32,7,31,-5.1,-5.1,-5.1,164.0,ACTIVE,0,,10,80.0,25.7,32.1,57.8,-8.9,36.9,6.3,7.3,0.3,17.2,205.6,75.2,26.3
172,13,Troy Terry,ANA,LW,LW/RW,33,7,29,-5.1,-5.1,-5.1,,OUT,26,"June 9 hip surgery (impingement + labral tear), 5-6 months; Sep 19 report: out another 2-3 months (mid-Nov to mid-Dec)",9,55.0,22.2,38.4,60.7,3.2,25.6,4.1,10.6,1.5,17.8,181.6,27.6,30.6
173,13,Gabriel Landeskog,COL,LW,LW,34,7,33,-5.2,-5.2,-5.2,,ACTIVE,0,Healthy; skating on COL top power-play unit Sep 22,10,68.0,19.8,28.6,48.5,26.7,54.8,3.3,5.0,0.3,16.3,172.0,107.5,45.5
174,13,Lawson Crouse,UTA,RW,RW,35,9,29,-5.3,-5.3,-5.3,,ACTIVE,0,,10,82.0,20.9,19.1,40.0,9.3,44.8,1.9,1.0,2.7,16.6,145.9,207.8,54.9
175,13,Ivan Provorov,CBJ,D,D,57,10,29,-6.5,-5.3,-5.3,202.4,ACTIVE,0,,10,83.0,7.9,24.7,32.6,8.9,31.8,0.9,4.0,1.2,24.2,135.2,31.8,137.9
176,13,Tyson Foerster,PHI,RW,LW/RW,36,9,24,-5.3,-5.3,-5.3,,ACTIVE,0,,9,77.0,27.0,19.3,46.3,4.6,46.7,6.1,4.3,1.0,17.2,167.5,82.7,61.7
177,13,Mats Zuccarello,LAK,RW,LW/RW,37,9,39,-5.3,-5.3,-5.3,,DAY_TO_DAY,0,Minor shoulder injury from captain's skate; expected healthy for Sep 30 opener at COL,9,73.0,18.6,42.5,61.1,-3.1,29.6,5.0,15.2,0.3,17.6,160.7,32.9,42.1
178,13,Kyle Palmieri,NYI,RW,RW,38,9,35,-5.4,-5.4,-5.4,,ACTIVE,0,,10,76.0,24.2,26.4,50.6,-11.4,25.6,7.0,8.2,1.9,17.6,188.4,66.4,40.1
179,13,Chris Kreider,MTL,LW,LW,35,7,35,-5.5,-5.5,-5.5,211.6,ACTIVE,0,,10,76.0,24.7,26.8,51.6,-0.8,35.3,9.1,7.9,0.6,17.0,161.9,84.7,27.8
180,14,Matvei Michkov,PHI,RW,RW,39,9,21,-5.5,-5.5,-5.5,170.8,ACTIVE,0,,10,81.0,24.1,35.6,59.8,-2.0,62.0,5.6,8.9,0.2,15.0,181.5,35.1,22.0
181,14,Jason Zucker,BUF,LW,LW,36,7,34,-5.5,-5.5,-5.5,,OUT,7,"Sports hernia surgery; expected to miss start of season, possibly ~2 weeks in",10,73.0,24.1,28.6,52.7,-3.7,43.0,10.6,9.0,0.3,15.3,159.5,80.3,28.4
182,14,Kaiden Guhle,MTL,D,D,58,11,24,-6.7,-5.6,-5.6,,OUT,7,Summer adductor surgery; out 4-5 weeks from Sep 16 (mid/late-Oct return); skating in full gear Sep 21,8,73.0,6.6,19.6,26.2,5.1,69.8,0.1,0.3,0.8,19.5,95.9,159.3,150.8
183,14,Charlie Coyle,CBJ,C,C,50,11,34,-5.6,-5.6,-5.6,203.3,ACTIVE,0,,10,83.0,19.8,33.2,53.0,-0.4,21.3,5.7,5.2,1.9,17.8,136.6,111.0,57.5
184,14,Jake DeBrusk,VAN,RW,RW,40,9,29,-5.6,-5.6,-5.6,170.6,ACTIVE,0,,10,83.0,25.5,21.0,46.5,-22.4,16.9,15.2,6.6,0.5,16.5,206.3,77.9,41.1
185,14,Ryan Hartman,MIN,C,C,51,11,32,-5.7,-5.7,-5.7,207.5,ACTIVE,0,,10,76.0,21.4,22.7,44.0,-2.2,62.1,5.6,3.8,0.3,16.3,180.1,74.0,80.7
186,14,Josh Norris,BUF,C,C,52,11,27,-5.7,-5.7,-5.7,,ACTIVE,0,,8,58.0,23.0,29.5,52.5,4.3,44.4,6.2,9.5,0.4,16.5,138.0,77.9,49.3
187,14,Brock Boeser,VAN,RW,RW,41,10,29,-5.8,-5.8,-5.8,185.6,ACTIVE,0,,10,79.0,26.5,29.5,56.0,-32.8,14.3,8.3,12.3,0.9,18.8,176.7,66.0,33.2
188,14,Elias Lindholm,BOS,C,C,53,11,31,-5.8,-5.8,-5.8,222.4,ACTIVE,0,,10,78.0,18.8,31.8,50.6,-7.4,32.3,6.1,12.2,0.8,17.4,143.0,66.4,69.1
189,14,Jonathan Huberdeau,CGY,LW,LW,37,7,33,-5.8,-5.8,-5.8,,INJURY_RESERVE,12,"IR; spring hip-resurfacing surgery with summer setback; will start season on IR, no timeline",10,68.0,18.6,30.5,49.2,-11.5,48.7,5.8,9.6,0.7,19.0,142.5,56.5,50.1
190,14,Anton Frondell,CHI,C,C,54,11,19,-5.9,-5.9,-5.9,,ACTIVE,0,,8,76.0,22.8,29.2,52.0,-5.2,27.4,4.8,9.4,0.4,16.8,207.6,61.4,57.6
191,14,Jeremy Lauzon,VGK,D,D,59,11,29,-7.1,-5.9,-5.9,,ACTIVE,0,,9,71.0,3.4,12.7,16.1,1.0,92.3,0.1,0.4,0.7,17.3,89.5,275.7,109.0
192,14,Bobby McMann,SEA,LW,LW/RW,38,7,30,-5.9,-5.9,-5.9,216.6,ACTIVE,0,,10,77.0,27.7,20.1,47.8,-0.4,38.1,3.6,3.4,0.4,16.6,194.1,164.3,30.8
193,14,Alexander Nikishin,,D,D,60,11,,-7.1,-5.9,-5.9,206.5,ACTIVE,2,"Unsigned RFA (CAR), not attending camp; trade talk reported",9,78.0,9.6,23.2,32.8,13.5,36.1,3.0,6.0,0.8,18.1,125.9,139.2,97.6
194,14,Drew Doughty,LAK,D,D,61,11,36,-7.1,-5.9,-5.9,,ACTIVE,0,,10,72.0,7.5,23.8,31.3,8.3,47.0,1.6,4.9,0.8,22.8,110.8,71.3,101.1
195,14,Noah Hanifin,VGK,D,D,62,11,29,-7.2,-6.0,-6.0,174.5,ACTIVE,0,,10,79.0,7.2,28.1,35.3,5.1,21.0,1.0,6.4,0.7,22.3,151.8,48.4,126.2
196,14,Ryan Leonard,WSH,RW,RW,42,10,21,-6.0,-6.0,-6.0,221.3,ACTIVE,0,,10,78.0,22.3,26.8,49.1,0.2,50.8,4.2,9.2,0.3,14.8,170.5,136.4,30.6
197,14,Zach Benson,BUF,LW,LW,39,7,21,-6.0,-6.0,-6.0,,ACTIVE,0,,9,71.0,18.1,35.0,53.1,16.5,52.5,3.0,5.5,1.3,16.6,151.7,52.6,34.8
198,14,Pierre-Luc Dubois,WSH,C,C,55,11,28,-6.0,-6.0,-6.0,,ACTIVE,0,,10,79.0,17.3,36.0,53.3,3.7,61.5,5.5,5.9,0.4,16.2,130.9,72.6,45.7
199,14,Esa Lindell,DAL,D,D,63,11,32,-7.3,-6.1,-6.1,189.2,ACTIVE,0,,10,83.0,5.7,24.0,29.7,26.8,19.3,0.7,1.0,2.0,22.7,92.7,39.2,174.3
200,14,Gustav Forsling,FLA,D,D,64,11,30,-7.3,-6.1,-6.1,,ACTIVE,0,,10,82.0,7.0,25.2,32.1,7.7,41.2,0.4,1.9,1.3,22.3,143.5,68.0,101.3
201,14,Mason McTavish,STL,C,C,56,11,23,-6.1,-6.1,-6.1,,ACTIVE,0,,10,77.0,21.7,29.7,51.4,-11.0,50.8,6.7,6.3,0.3,15.9,168.9,94.7,37.9
202,14,Evander Kane,,LW,LW,40,8,,-6.2,-6.2,-6.2,,ACTIVE,0,,5,74.0,17.9,21.3,39.2,-17.8,82.1,2.5,5.1,0.3,16.6,191.4,139.7,34.8
203,14,Pavel Zacha,BOS,C,C,57,11,29,-6.2,-6.2,-6.2,201.1,ACTIVE,0,,10,80.0,22.7,34.0,56.7,-0.1,24.8,7.9,8.7,1.0,16.6,137.0,71.8,29.5
204,14,Jordan Kyrou,WSH,RW,RW,43,10,28,-6.2,-6.2,-6.2,153.9,ACTIVE,0,,10,79.0,26.0,33.8,59.8,3.8,17.6,4.9,10.5,0.3,16.1,209.5,28.9,33.0
205,14,Artturi Lehkonen,COL,LW,LW,41,8,31,-6.2,-6.2,-6.2,,ACTIVE,0,,10,71.0,24.6,27.9,52.6,26.7,26.7,2.9,3.8,1.2,17.8,166.6,57.0,41.4
206,14,Frank Nazar,CHI,C,C,58,11,22,-6.3,-6.3,-6.3,224.7,ACTIVE,0,,10,77.0,21.5,31.4,52.9,-19.4,35.0,5.0,8.6,1.1,17.8,171.3,50.8,53.4
207,14,John Klingberg,,D,D,65,11,,-7.5,-6.3,-6.3,,ACTIVE,0,,4,39.0,7.0,28.3,35.3,1.3,44.6,2.3,7.8,0.5,20.6,108.1,80.7,98.8
208,14,Boone Jenner,WSH,C,C/LW,59,11,33,-6.3,-6.3,-6.3,,ACTIVE,0,,10,68.0,17.7,25.3,43.0,0.9,42.4,2.9,3.3,1.3,16.0,161.1,149.2,73.2
209,14,Philip Broberg,STL,D,D,66,11,25,-7.5,-6.3,-6.3,,ACTIVE,0,,10,76.0,7.2,30.0,37.2,12.5,22.3,2.1,4.7,1.1,22.7,109.3,46.2,109.1
210,14,Matt Duchene,DAL,C,C/LW,60,11,35,-6.3,-6.3,-6.3,153.3,ACTIVE,0,,10,78.0,23.3,40.3,63.6,1.3,15.9,6.7,12.7,0.3,16.7,139.8,38.3,33.3
211,14,Matty Beniers,SEA,C,C,61,11,23,-6.3,-6.3,-6.3,213.5,ACTIVE,0,,10,83.0,21.6,31.2,52.7,-6.8,21.9,6.9,6.5,0.6,19.2,152.9,38.8,68.9
212,14,Radko Gudas,FLA,D,D,67,11,36,-7.5,-6.3,-6.3,,ACTIVE,0,,8,70.0,3.5,15.6,19.0,0.2,87.9,0.1,0.4,0.8,16.7,91.2,221.0,133.6
213,14,Luke Evangelista,NJD,RW,RW,44,10,24,-6.4,-6.4,-6.4,163.0,ACTIVE,0,,10,81.0,18.2,39.3,57.5,7.5,29.5,3.9,11.6,0.2,16.6,194.6,30.0,24.0
214,14,Morgan Rielly,TOR,D,D,68,11,32,-7.6,-6.4,-6.4,159.2,ACTIVE,0,,10,80.0,8.5,30.8,39.3,-10.5,30.6,1.0,8.5,0.6,20.8,138.3,44.6,125.4
215,14,J.J. Moser,TBL,D,D,69,11,26,-7.6,-6.4,-6.4,,ACTIVE,0,,9,79.0,6.1,22.3,28.4,27.5,53.7,0.0,1.2,1.4,21.3,105.8,67.1,103.1
216,14,Logan Stanley,,D,D,70,11,,-7.6,-6.4,-6.4,,ACTIVE,0,,4,66.0,6.0,17.9,23.9,2.3,106.8,0.1,1.9,0.7,17.4,102.2,119.2,101.9
217,14,Jackson Blake,CAR,RW,RW,45,10,23,-6.5,-6.5,-6.5,213.7,ACTIVE,0,,10,80.0,23.6,32.5,56.1,6.1,38.7,4.3,8.5,0.3,16.7,180.1,19.3,37.8
218,14,Hampus Lindholm,BOS,D,D,71,11,32,-7.6,-6.5,-6.5,,ACTIVE,0,,9,74.0,6.5,23.7,30.3,5.6,59.0,1.1,3.5,1.2,21.0,119.3,31.1,116.9
219,14,Thomas Bordeleau,,C,C,62,11,,-6.5,-6.5,-6.5,,ACTIVE,0,,2,78.0,23.8,26.7,50.5,-7.8,34.2,10.2,10.3,0.4,15.5,142.5,42.1,62.1
220,14,Vladislav Gavrikov,NYR,D,D,72,11,30,-7.7,-6.5,-6.5,220.1,ACTIVE,0,,9,82.0,9.3,22.9,32.2,-1.5,42.5,1.2,2.0,1.3,22.7,116.2,52.3,115.5
221,14,Brady Skjei,NSH,D,D,73,11,32,-7.7,-6.5,-6.5,219.4,ACTIVE,0,,10,83.0,6.8,24.9,31.7,-8.3,42.3,0.4,4.7,1.4,23.1,127.9,68.7,91.9
222,14,Jordan Eberle,SEA,RW,RW,46,10,36,-6.5,-6.5,-6.5,,ACTIVE,0,,10,79.0,23.4,30.0,53.4,-0.7,28.4,4.5,10.3,0.3,18.0,164.6,49.2,42.2
223,14,Oliver Ekman-Larsson,TOR,D,D,74,11,35,-7.7,-6.5,-6.5,,ACTIVE,0,,10,80.0,7.1,27.3,34.3,-1.3,65.5,0.5,7.0,0.4,19.8,114.6,92.5,78.1
224,14,Viktor Arvidsson,DET,RW,RW,47,10,33,-6.6,-6.6,-6.6,,ACTIVE,0,,10,72.0,25.0,29.6,54.6,11.4,31.2,4.4,6.6,0.3,15.5,203.7,38.4,42.0
225,14,Cam York,PHI,D,D,75,11,25,-7.8,-6.6,-6.6,,ACTIVE,0,,7,76.0,6.2,22.9,29.1,2.1,36.3,1.1,5.7,1.0,22.1,98.8,45.6,157.2
226,14,Colton Parayko,STL,D,D,76,11,33,-7.9,-6.7,-6.7,153.5,ACTIVE,0,,10,79.0,7.4,18.0,25.4,0.3,24.4,0.1,0.5,0.8,22.3,123.6,105.6,180.6
227,14,Adam Larsson,SEA,D,D,77,11,33,-7.9,-6.7,-6.7,219.9,ACTIVE,0,,10,83.0,6.2,17.7,23.9,3.2,41.2,0.0,0.0,1.1,21.8,108.8,114.2,156.8
228,14,Damon Severson,CBJ,D,D,78,11,32,-7.9,-6.7,-6.7,,OUT,0,,9,73.0,8.3,26.0,34.2,13.6,54.0,0.9,2.8,0.5,20.7,105.5,52.5,107.2
229,14,Brayden Schenn,NYI,C,C/LW,63,11,35,-6.8,-6.8,-6.8,,ACTIVE,0,,10,82.0,18.6,26.2,44.8,-18.9,59.0,3.2,5.8,0.3,16.6,131.0,181.3,47.3
230,14,Vasily Podkolzin,EDM,RW,LW/RW,48,10,25,-6.8,-6.8,-6.8,,ACTIVE,0,,10,81.0,17.4,19.9,37.3,8.8,52.9,1.3,1.9,0.6,15.5,140.9,239.7,54.2
231,14,Marco Rossi,VAN,C,C,64,11,25,-6.8,-6.8,-6.8,219.6,ACTIVE,0,,10,77.0,21.0,35.0,56.0,-19.8,28.2,4.8,12.9,0.5,18.0,132.1,67.7,45.6
232,14,Artem Zub,OTT,D,D,79,11,30,-8.0,-6.8,-6.8,,OUT,0,,10,76.0,5.1,22.4,27.5,16.6,53.7,0.1,0.3,1.4,20.6,93.0,81.2,132.8
233,14,Dmitry Orlov,SJS,D,D,80,11,35,-8.0,-6.8,-6.8,,ACTIVE,0,,9,81.0,5.0,31.2,36.2,-13.6,40.6,0.8,12.3,0.5,20.6,102.9,118.4,76.2
234,14,Ridly Greig,OTT,C,C/LW,65,11,24,-6.8,-6.8,-6.8,,SUSPENSION,0,,10,75.0,15.2,22.5,37.7,5.6,72.4,2.0,3.4,1.5,16.5,133.7,116.8,53.2
235,14,Josh Doan,BUF,RW,LW/RW,49,10,24,-6.8,-6.8,-6.8,,ACTIVE,0,,10,80.0,24.0,29.1,53.1,-1.1,23.6,7.9,7.3,0.3,15.8,170.1,80.1,32.4
236,14,Connor McMichael,STL,C,C,66,11,25,-6.8,-6.8,-6.8,,ACTIVE,0,,10,80.0,19.4,30.5,49.9,5.2,37.3,3.3,4.5,2.0,17.0,157.6,48.4,45.5
237,14,Roman Kantserov,CHI,RW,RW,50,10,22,-6.9,-6.9,-6.9,,ACTIVE,0,,6,76.0,24.7,28.3,53.0,-2.4,38.7,7.7,7.2,0.4,14.6,180.9,52.1,26.4
238,14,Jack McBain,UTA,C,C,67,11,26,-7.0,-7.0,-7.0,,ACTIVE,0,,9,80.0,12.9,17.2,30.1,8.1,81.2,0.7,1.1,1.3,13.5,107.4,286.4,50.9
239,14,Aliaksei Protas,WSH,LW,LW,42,8,25,-7.0,-7.0,-7.0,224.2,ACTIVE,0,,10,78.0,26.2,30.3,56.5,16.8,21.3,0.7,1.8,2.2,17.4,165.7,37.2,44.7
240,14,Matt Coronato,CGY,RW,RW,51,10,23,-7.0,-7.0,-7.0,223.9,ACTIVE,0,,10,81.0,22.7,28.4,51.1,-18.7,31.6,7.0,9.2,0.3,17.3,203.7,31.1,29.5
241,14,Anthony Mantha,NJD,RW,RW,52,10,32,-7.0,-7.0,-7.0,218.2,ACTIVE,0,,10,75.0,26.0,26.9,52.8,6.9,42.6,5.9,6.6,0.3,15.3,144.0,62.5,40.3
242,14,Sean Durzi,NYR,D,D,81,11,27,-8.2,-7.0,-7.0,,ACTIVE,0,,9,73.0,7.5,26.8,34.3,-3.9,56.5,0.7,5.6,0.4,19.2,111.2,57.3,124.4
243,15,Gavin McKenna,TOR,LW,LW,43,8,18,-7.1,-7.1,-7.1,145.7,ACTIVE,0,,8,75.0,20.6,33.7,54.4,-10.5,38.1,6.4,7.6,0.4,16.3,171.5,35.9,36.7
244,15,Patrik Laine,,RW,RW,53,10,,-7.2,-7.2,-7.2,,ACTIVE,0,,3,56.0,22.6,24.4,47.0,-7.2,26.1,12.4,7.9,0.4,15.1,161.0,47.1,43.3
245,15,Ben Chiarot,DET,D,D,82,12,35,-8.4,-7.2,-7.2,,ACTIVE,0,,7,80.0,5.0,11.1,16.1,-7.7,65.9,0.0,0.6,0.6,20.2,101.1,161.0,153.5
246,15,Simon Nemec,CGY,D,D,83,12,22,-8.5,-7.4,-7.4,,ACTIVE,0,,9,75.0,10.1,22.9,33.0,-8.5,39.9,1.5,5.5,0.4,20.9,127.7,36.2,125.7
247,15,Anders Lee,UTA,LW,LW,44,8,36,-7.4,-7.4,-7.4,215.6,ACTIVE,0,,10,83.0,22.1,20.1,42.3,-1.0,44.5,5.7,2.7,0.2,15.4,194.7,107.7,41.1
248,15,Pavel Buchnevich,STL,RW,RW,54,10,31,-7.4,-7.4,-7.4,,ACTIVE,0,,10,81.0,21.1,30.0,51.0,-4.0,28.5,3.8,9.8,1.2,17.7,148.8,37.6,39.1
249,15,Jake Walman,EDM,D,D,84,12,30,-8.6,-7.5,-7.5,,ACTIVE,0,"Healthy (EDM); no current injury, focused on conditioning",9,69.0,9.9,22.4,32.3,-12.2,35.7,1.0,3.5,1.0,19.2,143.7,48.3,145.6
250,15,Alexander Romanov,NYI,D,D,85,12,26,-8.7,-7.5,-7.5,,ACTIVE,0,,7,74.0,5.1,17.2,22.2,-3.7,32.6,0.2,0.5,0.8,19.7,110.2,159.7,166.9
251,15,JJ Peterka,BOS,RW,RW,55,11,24,-7.6,-7.6,-7.6,217.4,ACTIVE,0,,10,81.0,27.3,30.3,57.6,2.9,29.6,4.5,6.1,0.3,16.5,180.2,23.5,19.5
252,15,Brayden McNabb,VGK,D,D,86,12,35,-8.8,-7.6,-7.6,,ACTIVE,0,,8,80.0,5.3,12.7,18.0,13.7,35.7,0.0,0.2,0.8,19.9,98.0,137.7,179.5
253,15,Martin Fehervary,WSH,D,D,87,12,26,-8.8,-7.6,-7.6,221.5,ACTIVE,0,,9,82.0,5.2,20.6,25.8,10.4,35.2,0.0,0.1,1.4,19.2,77.6,125.7,165.4
254,15,Owen Power,BUF,D,D,88,12,23,-8.8,-7.7,-7.7,222.8,ACTIVE,0,,10,81.0,7.9,27.0,34.9,3.4,21.2,0.4,2.7,1.4,22.3,126.9,32.4,106.5
255,15,Eeli Tolvanen,NYR,LW,LW/RW,45,8,27,-7.7,-7.7,-7.7,218.2,ACTIVE,0,,9,76.0,17.5,21.3,38.8,-13.5,28.6,3.6,6.6,0.7,15.5,145.9,194.7,75.1
256,15,Jonathan Marchessault,NSH,RW,RW,56,11,35,-7.7,-7.7,-7.7,215.6,ACTIVE,0,,10,78.0,20.8,26.6,47.4,-19.0,38.2,5.6,8.2,0.3,16.5,178.1,92.8,19.5
257,15,Ivan Barbashev,VGK,LW,LW,46,8,30,-7.8,-7.8,-7.8,216.3,ACTIVE,0,,10,81.0,21.9,33.9,55.9,17.3,19.5,1.9,2.9,0.2,16.2,128.7,137.4,39.0
258,15,Jake Neighbours,STL,LW,LW,47,8,24,-7.8,-7.8,-7.8,,ACTIVE,0,,10,76.0,19.5,24.2,43.8,-6.1,46.0,3.5,7.1,0.3,15.5,116.7,165.7,47.2
259,15,Mackie Samoskevich,SEA,LW,LW,48,8,23,-7.8,-7.8,-7.8,,ACTIVE,0,,8,74.0,18.5,22.0,40.5,-3.9,28.8,5.2,7.4,0.3,15.8,173.0,140.3,39.6
260,15,Rasmus Ristolainen,PHI,D,D,89,12,31,-9.0,-7.8,-7.8,,ACTIVE,0,,9,68.0,4.5,20.6,25.1,9.5,31.4,0.4,2.5,1.2,20.8,111.1,104.7,116.4
261,15,Cole Perfetti,WPG,LW,LW,49,9,24,-7.8,-7.8,-7.8,,ACTIVE,0,,10,76.0,19.9,30.0,49.9,-1.1,24.4,5.3,6.8,0.3,16.4,167.8,66.9,42.6
262,15,Sam Malinski,COL,D,D,90,12,28,-9.1,-7.9,-7.9,,ACTIVE,0,,10,80.0,8.3,27.6,35.9,29.7,24.2,0.2,1.6,0.7,17.7,156.0,52.8,102.5
263,15,Tony DeAngelo,NYI,D,D,91,12,30,-9.1,-7.9,-7.9,,ACTIVE,0,,7,68.0,6.7,28.5,35.1,-5.6,45.9,1.1,5.7,0.4,19.4,143.3,47.7,83.2
264,15,Jake Middleton,CGY,D,D,92,12,30,-9.1,-7.9,-7.9,,ACTIVE,0,,8,78.0,4.6,16.2,20.8,2.7,71.4,0.1,0.3,0.8,18.8,82.0,109.1,147.4
265,15,Brent Burns,COL,D,D,93,12,41,-9.1,-7.9,-7.9,197.0,ACTIVE,0,,9,83.0,9.4,22.6,31.9,26.0,30.5,0.3,2.4,1.4,18.4,165.3,19.2,90.0
266,15,Connor Clifton,BOS,D,D,94,12,31,-9.1,-7.9,-7.9,,ACTIVE,0,"Healthy; signed 2-yr deal with BOS Jul 1, no injury reported",6,62.0,3.7,13.4,17.1,5.8,66.3,0.2,0.6,0.6,17.5,73.1,218.9,122.1
267,15,Alexander Wennberg,SJS,C,C,68,12,32,-8.0,-8.0,-8.0,224.6,ACTIVE,0,,9,81.0,14.7,33.3,47.9,-21.4,19.6,5.8,6.7,1.8,19.6,94.1,34.1,90.2
268,15,Connor Murphy,EDM,D,D,95,12,33,-9.2,-8.0,-8.0,,ACTIVE,0,,7,74.0,4.6,14.8,19.4,-2.8,66.6,0.1,0.3,1.1,18.9,83.1,112.7,153.0
269,15,A.J. Greer,ANA,LW,LW/RW,50,9,29,-8.0,-8.0,-8.0,,OUT,0,,8,75.0,14.1,16.0,30.0,6.3,107.4,1.2,0.9,0.7,12.8,109.6,201.2,36.1
270,15,Mario Ferraro,WPG,D,D,96,12,28,-9.3,-8.1,-8.1,,ACTIVE,0,,8,81.0,5.5,15.6,21.1,-9.6,41.4,0.0,0.2,1.3,20.7,92.7,135.5,148.8
271,15,Luca Cagnoni,SJS,D,D,97,12,21,-9.4,-8.2,-8.2,,ACTIVE,0,,6,71.0,5.6,21.0,26.6,-2.9,48.1,2.1,7.8,0.8,18.4,120.5,76.1,88.6
272,15,Adam Pelech,NYI,D,D,98,12,32,-9.4,-8.2,-8.2,,ACTIVE,0,,7,77.0,3.6,18.7,22.3,2.7,47.8,0.1,0.8,1.0,20.7,120.0,75.4,124.2
273,15,Dmitri Voronkov,CBJ,LW,LW,51,9,26,-8.2,-8.2,-8.2,,ACTIVE,0,,10,71.0,20.4,20.1,40.5,0.7,58.3,7.1,3.4,0.3,13.5,141.4,109.5,40.5
274,15,Matt Roy,WSH,D,D,99,12,31,-9.4,-8.2,-8.2,,ACTIVE,0,,9,80.0,3.6,19.7,23.2,12.3,25.0,0.0,0.4,0.9,20.2,99.1,125.1,149.7
275,15,Jamie Drysdale,PHI,D,D,100,12,24,-9.4,-8.3,-8.3,,ACTIVE,0,,9,75.0,8.2,25.6,33.8,-7.6,33.1,1.4,7.6,0.3,21.3,106.1,29.4,108.8
276,15,Jack Quinn,BUF,RW,RW,57,11,25,-8.3,-8.3,-8.3,,ACTIVE,0,,10,79.0,21.9,30.7,52.7,-2.3,21.2,4.0,7.8,0.3,15.7,182.0,56.2,27.3
277,15,Tyler Seguin,DAL,C,C/RW,69,12,34,-8.3,-8.3,-8.3,,ACTIVE,1,ACL recovery; possible Friday preseason return. Estimate unchanged.,10,67.0,22.7,29.0,51.6,12.7,23.4,4.2,6.0,0.5,16.3,145.0,61.0,27.3
278,15,Kevin Bahl,CGY,D,D,101,12,26,-9.5,-8.3,-8.3,,ACTIVE,0,,8,78.0,3.7,16.6,20.3,-1.5,56.0,0.2,0.7,1.0,21.5,73.9,125.1,113.4
279,15,Christian Dvorak,PHI,C,C,70,12,30,-8.3,-8.3,-8.3,,ACTIVE,0,,10,77.0,17.7,28.5,46.2,4.2,25.7,2.9,2.9,1.8,17.6,139.7,43.7,60.3
280,15,Ryan Pulock,NYI,D,D,102,12,31,-9.5,-8.4,-8.4,,ACTIVE,0,,9,75.0,4.4,21.9,26.2,3.4,21.9,0.2,1.7,1.4,20.5,103.3,73.8,155.9
281,15,Erik Cernak,TBL,D,D,103,12,29,-9.5,-8.4,-8.4,,ACTIVE,0,,8,69.0,3.6,14.1,17.8,9.8,71.9,0.1,0.4,1.0,17.6,75.4,151.5,118.9
282,15,Chandler Stephenson,SEA,C,C,71,12,32,-8.4,-8.4,-8.4,,ACTIVE,0,,10,81.0,15.4,35.5,50.9,-20.0,20.9,4.3,11.7,1.5,19.2,93.7,30.1,55.4
283,15,Zeev Buium,VAN,D,D,104,12,20,-9.6,-8.4,-8.4,224.0,ACTIVE,0,,9,79.0,7.3,28.0,35.3,-29.3,44.8,3.0,11.5,0.3,21.1,97.0,39.1,72.6
284,15,Claude Giroux,OTT,C,C/RW,72,12,38,-8.4,-8.4,-8.4,,ACTIVE,0,,9,84.0,14.7,33.4,48.1,9.3,21.7,2.0,12.0,1.2,16.4,137.3,61.6,30.8
285,15,Emil Heineman,NYI,LW,LW/RW,52,9,24,-8.5,-8.5,-8.5,,ACTIVE,0,,10,77.0,21.1,13.3,34.3,-9.6,23.5,4.0,1.7,0.5,15.8,159.4,233.3,50.6
286,15,Niko Mikkola,FLA,D,D,105,12,30,-9.7,-8.5,-8.5,,ACTIVE,0,,7,75.0,4.5,13.6,18.0,2.2,60.9,0.1,0.5,0.7,20.2,93.4,143.6,103.8
287,15,Igor Chernyshov,SJS,LW,LW,53,9,20,-8.5,-8.5,-8.5,,ACTIVE,0,,9,75.0,22.4,27.6,50.0,1.8,23.2,6.9,6.3,0.3,15.4,148.5,58.1,38.4
288,15,Erik Haula,LAK,C,C,73,12,35,-8.5,-8.5,-8.5,,ACTIVE,0,,9,80.0,14.4,20.5,34.9,-11.7,56.6,3.0,5.5,1.4,16.3,132.9,113.5,49.7
289,15,Brenden Dillon,NJD,D,D,106,12,35,-9.7,-8.5,-8.5,,ACTIVE,0,,8,82.0,3.0,13.0,16.0,-2.7,82.8,0.0,0.1,0.9,17.8,57.9,197.0,105.6
290,15,Noah Cates,PHI,C,C,74,12,27,-8.5,-8.5,-8.5,,ACTIVE,0,,9,78.0,17.3,25.2,42.5,14.0,29.5,2.9,4.9,1.6,15.6,125.1,95.6,51.9
291,15,Rasmus Sandin,WSH,D,D,107,12,26,-9.7,-8.5,-8.5,,OUT,18,"Torn ACL, surgery April 2026, 6-9 months (late Oct-late Jan); GM hopes for shorter end",9,52.0,5.3,23.2,28.5,6.0,30.7,0.4,3.0,0.8,19.5,95.4,97.9,124.0
292,15,Logan Stankoven,CAR,C,C,75,12,23,-8.5,-8.5,-8.5,220.7,ACTIVE,0,,10,79.0,21.9,26.7,48.6,9.6,23.0,3.9,6.0,0.3,15.8,179.4,55.5,29.9
293,15,Artyom Levshunov,CHI,D,D,108,12,20,-9.7,-8.6,-8.6,,ACTIVE,0,,9,77.0,4.7,24.9,29.6,-35.9,49.5,1.1,8.9,0.4,19.4,107.5,115.5,95.9
294,15,Carter Yakemchuk,OTT,D,D,109,12,21,-9.8,-8.6,-8.6,,ACTIVE,0,,8,73.0,8.1,22.9,30.9,-2.5,48.9,1.3,4.3,1.0,18.0,121.1,60.9,85.1
295,15,Logan Mailloux,STL,D,D,110,12,23,-9.8,-8.6,-8.6,,ACTIVE,0,,9,76.0,7.4,18.6,26.0,-7.9,61.1,0.1,3.8,0.4,18.8,111.2,122.4,80.1
296,15,Dylan Samberg,WPG,D,D,111,12,27,-9.8,-8.6,-8.6,,ACTIVE,0,,7,73.0,4.0,18.9,23.0,10.4,33.7,0.1,0.6,0.8,21.0,107.1,72.6,138.0
297,15,Donovan Sebrango,FLA,D,D,112,12,24,-9.8,-8.6,-8.6,,ACTIVE,0,,4,48.0,3.3,17.4,20.7,3.6,88.2,0.3,1.2,0.6,17.7,80.7,131.8,80.4
298,15,Dawson Mercer,NJD,RW,C/RW,58,11,24,-8.6,-8.6,-8.6,,ACTIVE,0,,10,83.0,20.8,21.7,42.5,-2.6,28.2,4.6,2.7,1.6,17.7,153.6,36.2,52.3
299,15,Sean Monahan,CBJ,C,C,76,12,31,-8.6,-8.6,-8.6,,ACTIVE,0,,10,77.0,17.9,30.0,47.9,3.0,17.5,3.2,8.6,1.3,16.9,144.2,48.0,41.5
300,15,Mikey Anderson,LAK,D,D,113,12,27,-9.8,-8.6,-8.6,,ACTIVE,0,,7,79.0,4.8,18.0,22.8,10.2,29.5,0.0,0.1,0.9,21.1,79.0,121.8,136.9
301,15,Emil Lilleberg,TBL,D,D,114,12,25,-9.9,-8.7,-8.7,,ACTIVE,0,,6,70.0,3.5,16.6,20.1,8.5,87.1,0.1,0.4,0.7,17.3,70.9,144.4,83.0
302,15,Braden Schneider,NYR,D,D,115,12,25,-9.9,-8.7,-8.7,,ACTIVE,0,,8,81.0,4.8,16.8,21.6,-1.5,27.3,0.1,0.4,0.8,19.5,102.4,159.8,143.6
303,15,Marcus Pettersson,NYR,D,D,116,12,30,-9.9,-8.8,-8.8,,ACTIVE,0,,7,80.0,3.6,19.9,23.5,-6.9,52.1,0.0,0.1,0.9,21.1,75.7,87.0,139.8
304,15,Ryan McLeod,BUF,C,C,77,12,27,-8.9,-8.9,-8.9,,ACTIVE,0,,10,82.0,15.5,36.2,51.7,17.7,17.7,0.7,5.3,3.0,17.3,100.6,26.5,36.4
305,15,Ryan McDonagh,TBL,D,D,117,13,37,-10.0,-8.9,-8.9,,ACTIVE,0,,8,73.0,5.9,25.0,30.9,23.3,23.8,0.1,0.6,1.8,19.3,77.6,40.0,134.1
306,15,Mikael Backlund,CGY,C,C,78,12,37,-8.9,-8.9,-8.9,,ACTIVE,0,,9,82.0,16.2,23.3,39.4,4.1,22.4,1.2,3.1,2.5,18.3,183.3,35.6,35.9
307,15,Mark Kastelic,BOS,C,C/RW,79,12,27,-8.9,-8.9,-8.9,,ACTIVE,0,,7,67.0,11.6,13.1,24.6,0.7,102.7,1.2,2.1,1.2,12.4,103.8,189.5,53.6
308,15,Jordan Staal,CAR,C,C,80,12,38,-8.9,-8.9,-8.9,,ACTIVE,0,,10,78.0,16.8,19.9,36.7,4.5,30.0,2.7,1.4,1.8,16.1,119.5,162.8,51.1
309,15,Michael Kesselring,SJS,D,D,118,13,26,-10.1,-8.9,-8.9,,ACTIVE,0,,8,74.0,4.8,17.6,22.4,3.7,86.6,0.5,1.7,0.4,16.1,121.8,84.4,85.4
310,15,Morgan Frost,CGY,C,C,81,12,27,-8.9,-8.9,-8.9,,ACTIVE,0,,10,80.0,19.1,25.4,44.6,-12.1,26.9,5.6,10.2,0.3,15.8,147.9,64.6,48.7
311,15,Yan Kuznetsov,CGY,D,D,119,13,24,-10.1,-8.9,-8.9,,ACTIVE,0,,7,63.0,6.1,14.6,20.8,-4.8,38.8,0.2,1.0,1.0,20.1,101.7,111.5,135.6
312,15,Jonas Brodin,MIN,D,D,120,13,33,-10.1,-8.9,-8.9,,ACTIVE,0,,7,68.0,5.8,19.4,25.2,18.9,29.8,0.1,0.8,0.8,20.2,102.6,34.9,150.2
313,15,Vincent Desharnais,WSH,D,D,121,13,30,-10.1,-9.0,-9.0,,ACTIVE,0,,7,57.0,2.9,12.7,15.6,5.0,69.9,0.2,0.9,0.8,18.7,66.0,135.7,122.9
314,15,Jordan Spence,OTT,D,D,122,13,25,-10.2,-9.0,-9.0,,OUT,0,,10,76.0,6.8,26.9,33.7,16.6,25.9,0.5,4.2,0.4,19.0,116.0,74.8,79.1
315,15,Jared Spurgeon,MIN,D,D,123,13,36,-10.2,-9.0,-9.0,,ACTIVE,0,,9,76.0,6.3,20.3,26.7,5.2,19.3,1.4,5.1,0.7,19.2,99.9,77.2,138.5
316,15,Parker Wotherspoon,VGK,D,D,124,13,29,-10.2,-9.0,-9.0,,ACTIVE,0,,7,73.0,2.6,19.9,22.5,6.4,45.9,0.1,0.4,1.4,18.4,71.7,146.8,111.5
317,15,Ian Cole,CHI,D,D,125,13,37,-10.2,-9.0,-9.0,,ACTIVE,0,,8,83.0,2.4,16.2,18.7,11.0,55.6,0.0,0.0,1.5,18.5,63.6,76.9,162.9
318,15,Pavel Mintyukov,ANA,D,D,126,13,22,-10.2,-9.0,-9.0,,ACTIVE,0,,9,76.0,7.7,20.6,28.3,-2.5,27.5,0.2,3.9,1.2,20.0,99.4,68.5,123.5
319,15,Zach Whitecloud,CGY,D,D,127,13,29,-10.2,-9.1,-9.1,,ACTIVE,0,,8,79.0,3.6,14.9,18.6,-4.2,38.3,0.1,0.1,0.8,20.7,79.6,132.9,150.7
320,15,Timothy Liljegren,WSH,D,D,128,13,27,-10.3,-9.1,-9.1,,ACTIVE,0,,6,71.0,4.5,19.0,23.6,-8.4,44.6,0.7,4.2,0.7,19.4,88.3,77.5,140.1
321,15,Jamie Benn,DAL,LW,LW,54,9,37,-9.1,-9.1,-9.1,,ACTIVE,0,,10,77.0,16.5,28.6,45.1,4.8,60.6,2.6,6.8,0.3,13.4,109.6,103.3,37.9
322,15,William Karlsson,VGK,C,C,82,12,33,-9.1,-9.1,-9.1,,ACTIVE,0,,9,64.0,19.3,24.9,44.2,8.0,22.5,3.5,6.0,0.4,16.4,162.4,41.5,55.5
323,15,Sam Rinzel,CHI,D,D,129,13,22,-10.3,-9.1,-9.1,,ACTIVE,0,,9,75.0,6.6,19.3,25.8,-6.4,54.9,0.5,3.9,0.3,18.2,124.1,80.0,96.9
324,15,Dylan DeMelo,WPG,D,D,130,13,33,-10.4,-9.2,-9.2,,ACTIVE,0,,7,82.0,2.8,17.5,20.3,15.5,38.9,0.0,0.3,1.1,20.4,75.5,119.8,109.9
325,15,Zayne Parekh,CGY,D,D,131,13,20,-10.4,-9.2,-9.2,,ACTIVE,0,,9,75.0,9.4,22.7,32.1,-14.1,27.1,4.1,8.4,0.3,18.8,127.0,42.2,78.9
326,15,Trevor Moore,LAK,LW,LW,55,9,31,-9.3,-9.3,-9.3,,ACTIVE,0,,10,76.0,19.5,22.8,42.3,4.0,16.9,1.2,2.4,1.5,16.6,183.3,75.3,43.6
327,15,David Reinbacher,MTL,D,D,132,13,21,-10.4,-9.3,-9.3,,ACTIVE,0,,3,40.0,4.9,19.7,24.5,5.9,48.7,0.4,2.3,0.8,19.7,87.9,87.7,91.0
328,15,Maveric Lamoureux,UTA,D,D,133,13,22,-10.5,-9.3,-9.3,,OUT,0,,4,54.0,4.9,15.8,20.7,3.5,72.3,0.2,0.8,0.7,17.5,88.6,114.7,95.0
329,15,Joel Farabee,CGY,LW,LW/RW,56,9,26,-9.3,-9.3,-9.3,,ACTIVE,0,,9,82.0,19.0,19.4,38.4,-10.4,32.2,1.3,3.4,2.1,17.4,154.1,61.6,55.1
330,15,Avery Hayes,,RW,RW,59,12,,-9.4,-9.4,-9.4,,ACTIVE,0,,1,34.0,18.6,20.3,38.8,-9.4,44.7,2.7,3.7,0.5,15.7,172.7,89.6,40.4
331,15,Louis Crevier,BUF,D,D,134,13,25,-10.6,-9.4,-9.4,,ACTIVE,0,,7,69.0,6.2,15.6,21.8,-4.8,49.5,0.2,0.6,1.2,17.2,100.9,131.0,112.5
332,15,Alex Steeves,BOS,RW,RW,60,12,26,-9.4,-9.4,-9.4,,ACTIVE,0,,6,56.0,16.1,17.8,33.8,2.2,46.3,3.1,5.0,0.7,12.6,114.9,205.1,45.8
333,15,Matvei Gridin,CGY,RW,RW,61,12,20,-9.5,-9.5,-9.5,,ACTIVE,0,,9,74.0,17.9,30.9,48.8,-19.2,13.1,3.9,11.2,0.3,16.2,165.4,35.2,56.1
334,15,Brayden Pachal,CGY,D,D,135,13,27,-10.7,-9.5,-9.5,,ACTIVE,0,,6,50.0,4.1,14.6,18.6,3.4,73.9,0.3,1.0,0.6,16.4,79.0,150.5,96.8
335,15,Tyler Myers,DAL,D,D,136,13,36,-10.7,-9.5,-9.5,,ACTIVE,0,,7,75.0,3.8,15.8,19.5,-11.5,63.6,0.1,0.6,0.7,18.5,95.1,94.3,133.8
336,15,Brendan Smith,,D,D,137,13,,-10.7,-9.5,-9.5,,ACTIVE,0,,2,48.0,4.2,15.1,19.3,2.8,66.2,0.3,1.1,0.6,17.5,84.7,120.1,105.6
337,15,Gabe Perreault,NYR,RW,RW,62,12,21,-9.5,-9.5,-9.5,,ACTIVE,0,,9,76.0,20.2,27.5,47.7,0.1,20.8,5.0,6.0,0.3,16.7,135.4,48.2,37.5
338,15,Taylor Hall,CAR,LW,LW,57,10,34,-9.5,-9.5,-9.5,,ACTIVE,0,,10,76.0,18.5,29.2,47.6,2.7,40.5,3.4,4.4,0.3,14.8,144.1,56.3,35.3
339,15,Denton Mateychuk,CBJ,D,D,138,13,22,-10.7,-9.5,-9.5,,ACTIVE,0,,9,78.0,10.5,22.2,32.7,10.0,20.4,1.0,3.0,0.9,19.1,101.3,38.3,106.6
340,15,Johnathan Kovacevic,NJD,D,D,139,13,29,-10.8,-9.6,-9.6,,OUT,0,,7,75.0,3.6,15.9,19.5,4.8,70.2,0.1,0.4,0.7,17.9,78.2,114.3,97.8
341,15,Jaccob Slavin,CAR,D,D,140,13,32,-10.8,-9.6,-9.6,,ACTIVE,0,,9,76.0,5.0,20.0,25.0,14.4,14.7,0.1,0.2,1.4,21.1,123.0,30.3,122.5
342,15,Nick Blankenburg,,D,D,141,13,,-10.8,-9.6,-9.6,,ACTIVE,0,,5,56.0,7.5,19.1,26.6,-1.3,29.4,2.0,4.4,0.8,18.2,105.7,85.6,100.1
343,15,Lian Bichsel,DAL,D,D,142,13,22,-10.8,-9.6,-9.6,,ACTIVE,0,,9,77.0,6.2,10.9,17.1,7.0,66.0,0.1,0.3,0.5,16.0,67.7,236.2,74.6
344,15,Victor Soderstrom,,D,D,143,13,,-10.8,-9.7,-9.7,,ACTIVE,0,,2,82.0,1.6,22.5,24.1,3.1,65.7,0.2,2.3,0.8,19.1,85.7,48.8,91.9
345,15,Alexandre Carrier,MTL,D,D,144,13,29,-10.8,-9.7,-9.7,,ACTIVE,0,,7,77.0,5.1,17.8,22.9,-0.1,44.0,0.1,0.3,1.4,18.6,72.6,54.8,162.4
346,15,Jonathan Aspirot,BOS,D,D,145,13,27,-10.8,-9.7,-9.7,,ACTIVE,0,,6,56.0,4.7,15.7,20.4,20.8,54.0,0.2,1.7,0.6,17.1,75.9,110.3,110.5
347,15,Max Domi,,C,C/RW,83,13,,-9.7,-9.7,-9.7,,OUT,12,"Failed physical (back; complications from late-May surgery); out indefinitely, will miss a portion of regular season",7,68.0,13.2,26.3,39.5,-12.9,84.7,2.3,5.4,0.3,15.2,123.9,44.2,35.3
348,15,Olen Zellweger,BUF,D,D,146,13,23,-10.9,-9.7,-9.7,,OUT,0,,9,76.0,8.1,20.5,28.6,1.6,35.0,1.0,3.9,0.5,17.8,135.1,44.9,95.7
349,15,Tyler Toffoli,SJS,RW,LW/RW,63,12,34,-9.7,-9.7,-9.7,205.3,ACTIVE,0,,10,80.0,22.0,27.1,49.2,-11.9,14.7,6.3,7.9,0.3,14.0,177.7,53.0,29.5
350,15,Dylan Coghlan,VGK,D,D,147,13,28,-10.9,-9.7,-9.7,,ACTIVE,0,,2,74.0,4.8,13.9,18.7,2.4,50.5,2.1,4.8,0.7,16.5,101.4,92.9,113.6
351,15,Ben Kindel,PIT,C,C/RW,84,13,19,-9.8,-9.8,-9.8,,OUT,0,Day-to-day lower-body (blocked shot off foot) in Sep 21 preseason opener,10,80.0,20.1,21.5,41.6,-4.8,21.1,4.7,6.5,0.9,14.9,166.2,36.7,61.0
352,15,Maxwell Crozier,TBL,D,D,148,13,26,-11.0,-9.8,-9.8,,ACTIVE,0,,6,54.0,3.8,19.0,22.8,7.0,59.6,0.2,0.8,1.0,17.3,97.0,92.8,86.3
353,15,Fraser Minten,BOS,C,C,85,13,22,-9.8,-9.8,-9.8,,ACTIVE,0,,10,80.0,17.2,19.5,36.6,12.0,21.0,1.5,2.6,1.3,15.7,125.3,147.6,50.2
354,15,Tyler Kleven,OTT,D,D,149,13,24,-11.0,-9.9,-9.9,,ACTIVE,0,,7,71.0,4.6,15.0,19.5,0.2,48.8,0.2,0.8,1.0,17.1,98.9,131.8,109.8
355,15,Ivar Stenberg,SJS,LW,LW,58,10,19,-9.9,-9.9,-9.9,215.6,ACTIVE,0,,8,66.0,18.1,27.6,45.7,-9.6,24.6,4.1,7.0,0.4,15.3,154.7,56.8,44.3
356,15,Josh Anderson,MTL,RW,RW,64,12,32,-9.9,-9.9,-9.9,,ACTIVE,0,,6,76.0,14.4,11.3,25.7,-6.5,88.2,0.5,0.8,1.9,14.1,105.9,146.5,44.3
357,15,Tristan Luneau,ANA,D,D,150,13,22,-11.1,-9.9,-9.9,,ACTIVE,0,,6,73.0,6.3,20.6,26.8,4.6,32.9,1.0,3.8,0.8,17.9,112.5,73.0,91.0
358,15,Marcus Foligno,MIN,RW,LW/RW,65,12,35,-9.9,-9.9,-9.9,,ACTIVE,0,,7,72.0,12.8,13.3,26.1,-5.1,74.7,1.8,1.4,0.7,12.9,95.0,225.0,57.5
359,15,Tyler Tucker,STL,D,D,151,13,26,-11.1,-9.9,-9.9,,OUT,0,,6,70.0,4.5,14.1,18.6,1.2,90.7,0.1,0.4,0.7,15.4,80.5,127.5,79.9
360,15,Nick Seeler,PHI,D,D,152,13,33,-11.1,-9.9,-9.9,,ACTIVE,0,,8,79.0,3.6,11.0,14.6,5.2,47.3,0.1,0.1,0.6,16.6,93.4,126.4,164.9
361,15,Egor Chinakhov,PIT,RW,RW,66,12,25,-10.0,-10.0,-10.0,,ACTIVE,0,,7,70.0,22.8,24.5,47.3,-3.8,17.4,3.1,5.2,0.3,15.4,165.8,68.1,37.6
362,15,Jonathan Drouin,,LW,LW/RW,59,10,,-10.0,-10.0,-10.0,,ACTIVE,0,,5,58.0,14.1,30.1,44.2,0.4,24.9,3.7,9.2,0.3,17.2,120.8,39.5,39.0
363,15,John Marino,UTA,D,D,153,13,29,-11.2,-10.0,-10.0,,ACTIVE,0,,9,78.0,4.0,28.9,32.9,29.6,23.0,0.1,0.8,1.3,20.2,65.3,34.5,83.6
364,15,Conor Garland,CBJ,RW,RW,67,12,30,-10.0,-10.0,-10.0,,ACTIVE,0,,9,77.0,15.8,24.6,40.4,-14.1,39.0,3.3,6.7,1.0,15.6,153.3,51.6,39.0
365,15,Cam Fowler,STL,D,D,154,13,34,-11.2,-10.0,-10.0,,ACTIVE,0,,9,80.0,5.4,28.1,33.4,-7.4,18.8,1.1,7.9,0.7,21.1,93.0,14.8,86.3
366,15,Alex Killorn,ANA,RW,RW,68,12,37,-10.0,-10.0,-10.0,,ACTIVE,0,,9,83.0,16.7,18.0,34.6,-2.1,40.7,2.8,2.2,1.6,16.9,144.1,74.0,30.7
367,15,Harrison Brunicke,,D,D,155,13,,-11.2,-10.0,-10.0,,ACTIVE,0,,1,46.0,6.5,16.0,22.5,2.5,44.9,0.3,1.2,0.7,18.8,96.6,80.0,106.7
368,15,Easton Cowan,TOR,RW,LW/RW,69,12,21,-10.1,-10.1,-10.1,,ACTIVE,0,,9,77.0,15.8,24.8,40.6,-4.5,50.2,3.0,5.2,0.3,14.5,127.1,90.9,40.3
369,15,Eetu Luostarinen,FLA,LW,LW,60,10,28,-10.1,-10.1,-10.1,,ACTIVE,0,,9,80.0,12.2,21.7,33.9,3.7,32.6,1.5,1.0,1.6,16.0,111.6,138.5,62.3
370,15,Brandon Carlo,STL,D,D,156,13,29,-11.3,-10.1,-10.1,,ACTIVE,0,,7,76.0,2.3,11.7,14.0,5.3,47.2,0.1,0.2,0.9,18.8,88.9,99.8,140.9
371,15,Dennis Gilbert,BUF,D,D,157,13,29,-11.3,-10.1,-10.1,,ACTIVE,0,,3,48.0,3.3,16.1,19.3,2.8,77.7,0.3,1.1,0.6,14.9,63.3,140.0,105.3
372,15,Erik Gustafsson,LAK,D,D,158,13,34,-11.3,-10.1,-10.1,,ACTIVE,0,,5,54.0,4.9,22.6,27.5,-1.0,37.8,0.9,7.0,0.8,18.2,94.6,64.1,77.5
373,15,Yakov Trenin,MIN,LW,LW,61,10,29,-10.1,-10.1,-10.1,,ACTIVE,0,,10,81.0,8.4,14.4,22.7,8.4,42.9,0.2,0.4,0.9,13.1,100.5,342.8,39.3
374,15,Ross Colton,NSH,LW,LW,62,10,30,-10.1,-10.1,-10.1,,ACTIVE,0,,9,75.0,16.4,19.2,35.7,5.5,26.9,2.6,2.1,0.3,13.6,163.0,171.6,41.4
375,15,Arber Xhekaj,MTL,D,D,159,13,25,-11.3,-10.1,-10.1,,ACTIVE,0,,7,64.0,2.7,9.5,12.2,-3.6,111.5,0.2,0.6,0.4,13.5,72.0,188.7,72.4
376,15,Arseny Gritsyuk,NJD,RW,LW/RW,70,12,25,-10.2,-10.2,-10.2,,ACTIVE,0,,8,72.0,18.0,24.3,42.3,-2.0,32.8,2.9,4.2,0.3,15.0,175.6,72.1,27.2
377,15,Collin Graf,SJS,LW,LW,63,10,24,-10.2,-10.2,-10.2,,ACTIVE,0,,10,77.0,19.0,22.3,41.3,0.5,17.7,0.9,2.2,2.5,16.5,122.1,82.9,48.2
378,15,Yanni Gourde,TBL,C,C,86,13,34,-10.2,-10.2,-10.2,,OUT,26,Offseason hip surgery; expected out until December,8,55.0,12.7,23.0,35.7,-3.5,52.9,1.9,2.5,1.0,16.0,120.7,103.2,37.8
379,15,Evan Rodrigues,NJD,C,C,87,13,33,-10.2,-10.2,-10.2,,ACTIVE,0,,9,73.0,13.4,21.8,35.2,-7.6,39.7,2.5,4.4,1.0,15.5,170.2,86.6,31.5
380,15,Adam Klapka,CGY,RW,RW,71,12,26,-10.2,-10.2,-10.2,,ACTIVE,0,,7,74.0,10.8,13.3,24.1,-10.4,84.8,1.4,1.9,0.3,10.9,98.8,269.2,56.1
381,15,Mavrik Bourque,NSH,C,C/RW,88,13,24,-10.2,-10.2,-10.2,,ACTIVE,0,,10,80.0,20.2,24.8,45.0,5.5,21.0,1.9,5.0,0.4,15.8,148.6,78.5,31.5
382,15,Vladimir Tarasenko,,RW,RW,72,12,,-10.3,-10.3,-10.3,,ACTIVE,0,,5,79.0,21.3,26.7,48.0,-7.6,11.6,4.3,8.3,0.3,14.5,152.0,69.1,38.1
383,15,Peyton Krebs,BUF,C,C/LW,89,13,25,-10.3,-10.3,-10.3,,ACTIVE,0,,9,83.0,11.4,23.8,35.2,6.5,68.4,0.6,1.3,0.3,13.8,92.2,176.2,37.4
384,15,Daniil Miromanov,,D,D,160,13,,-11.5,-10.3,-10.3,,ACTIVE,0,,2,38.0,5.6,16.8,22.4,3.5,37.5,0.4,1.4,0.7,19.1,106.6,67.2,105.3
385,15,Marco Kasper,DET,C,C,90,13,22,-10.3,-10.3,-10.3,,ACTIVE,0,,9,82.0,15.4,16.8,32.2,-10.5,35.9,1.9,2.3,0.6,14.5,144.4,185.4,53.0
386,15,Michael Misa,SJS,C,C,91,13,19,-10.3,-10.3,-10.3,,ACTIVE,0,,9,77.0,20.5,27.0,47.5,-2.9,22.8,5.3,5.3,0.3,15.4,129.7,35.5,45.0
387,15,Colin Miller,,D,D,161,13,,-11.5,-10.3,-10.3,,ACTIVE,0,,3,39.0,4.6,17.3,21.9,1.5,44.6,1.0,3.1,0.7,17.3,95.1,110.3,88.4
388,15,Nicolas Hague,NSH,D,D,162,13,27,-11.5,-10.3,-10.3,,ACTIVE,0,,7,74.0,4.3,14.1,18.4,-7.9,54.1,0.1,0.3,1.0,19.6,87.5,105.6,94.1
389,15,Simon Benoit,PHI,D,D,163,13,28,-11.5,-10.3,-10.3,,ACTIVE,0,,6,66.0,2.2,9.8,12.0,-9.0,54.0,0.2,0.5,0.5,17.8,72.0,197.1,119.4
390,15,Tanner Jeannot,BOS,LW,LW,64,10,29,-10.4,-10.4,-10.4,,ACTIVE,0,,7,65.0,10.4,15.7,26.1,-3.8,71.3,1.1,2.3,0.8,12.9,94.7,217.6,52.1
391,15,Cole Sillinger,CBJ,LW,LW/RW,65,10,23,-10.4,-10.4,-10.4,,ACTIVE,0,,9,77.0,12.7,24.7,37.4,-1.6,39.9,1.2,1.7,0.7,15.5,143.8,111.3,48.6
392,15,Alexander Petrovic,FLA,D,D,164,13,34,-11.6,-10.4,-10.4,,ACTIVE,0,,5,54.0,3.9,15.2,19.1,3.1,54.0,0.2,1.0,0.5,16.9,86.5,117.6,111.2
393,15,Conor Timmins,BUF,D,D,165,13,28,-11.6,-10.4,-10.4,,ACTIVE,0,,7,68.0,3.3,18.9,22.2,-2.0,43.3,0.2,0.6,1.0,18.0,89.9,75.8,125.4
394,15,James Hagens,BOS,C,C,92,13,19,-10.4,-10.4,-10.4,,ACTIVE,0,,7,73.0,16.1,24.3,40.3,16.5,37.9,2.5,4.4,0.4,16.0,131.4,47.8,27.0
395,15,Michael McCarron,MIN,C,C,93,13,31,-10.4,-10.4,-10.4,,ACTIVE,0,,7,78.0,9.5,10.7,20.2,-12.6,91.4,0.4,0.8,1.3,13.1,105.0,179.4,70.6
396,15,Oliver Bjorkstrand,NYR,RW,RW,73,12,31,-10.5,-10.5,-10.5,,ACTIVE,0,,9,82.0,15.2,24.1,39.3,-8.1,18.4,7.1,7.0,0.2,14.8,140.9,86.4,39.5
397,15,Joel Edmundson,LAK,D,D,166,14,33,-11.6,-10.5,-10.5,,ACTIVE,0,,7,80.0,3.4,16.0,19.4,11.7,28.9,0.0,0.9,1.1,18.5,96.1,97.7,112.7
398,15,Mike Reilly,CAR,D,D,167,14,33,-11.7,-10.5,-10.5,,ACTIVE,0,,5,34.0,4.6,17.7,22.3,8.2,44.4,0.4,2.0,0.8,18.0,101.1,71.7,90.5
399,15,Chris Tanev,TOR,D,D,168,14,36,-11.7,-10.5,-10.5,,ACTIVE,0,,7,72.0,2.9,17.5,20.5,23.1,29.4,0.2,0.6,0.7,19.4,66.5,36.2,157.4
400,15,Mike Benning,CGY,D,D,169,14,24,-11.7,-10.5,-10.5,,ACTIVE,0,,3,41.0,7.2,19.8,26.9,2.9,32.6,1.0,3.1,0.8,18.6,87.6,59.8,93.6
401,15,Ryan Shea,EDM,D,D,170,14,29,-11.7,-10.5,-10.5,,ACTIVE,0,,8,68.0,5.1,20.8,25.9,18.3,29.7,0.1,1.0,1.3,18.9,74.1,52.3,100.3
402,15,Drew Helleson,ANA,D,D,171,14,25,-11.7,-10.6,-10.6,,OUT,0,,5,78.0,4.6,16.0,20.6,-1.0,46.6,0.1,0.6,1.1,18.1,71.6,107.5,108.2
403,15,Jonas Siegenthaler,NJD,D,D,172,14,29,-11.8,-10.6,-10.6,,ACTIVE,0,,7,79.0,1.7,14.0,15.7,-1.6,49.4,0.1,0.1,0.9,19.2,71.1,97.0,132.4
404,15,Erik Gudbranson,CBJ,D,D,173,14,34,-11.8,-10.6,-10.6,,ACTIVE,0,,7,59.0,4.0,14.6,18.6,3.9,49.9,0.2,0.8,0.6,17.0,85.7,98.9,127.3
405,15,Dakota Joshua,TOR,LW,LW/RW,66,10,30,-10.6,-10.6,-10.6,,OUT,0,,7,65.0,14.5,14.9,29.4,-2.9,57.2,1.6,1.7,0.6,13.0,91.7,234.1,44.5
406,15,Jack St. Ivany,WPG,D,D,174,14,27,-11.8,-10.6,-10.6,,ACTIVE,0,,6,48.0,3.6,16.1,19.7,6.7,42.8,0.5,1.6,0.8,16.6,76.8,146.2,97.3
407,15,Frank Vatrano,ANA,LW,LW,67,10,32,-10.6,-10.6,-10.6,,ACTIVE,0,,9,79.0,15.5,15.1,30.6,-14.4,61.6,2.2,2.6,0.5,12.7,157.9,136.7,50.9
408,15,Jiri Kulich,BUF,C,C,94,13,22,-10.6,-10.6,-10.6,,ACTIVE,0,,8,70.0,20.5,21.3,41.8,-8.7,28.3,2.7,3.3,0.4,15.3,158.5,60.9,52.0
409,15,Justin Hryckowian,DAL,C,C/LW/RW,95,13,25,-10.6,-10.6,-10.6,,ACTIVE,0,,9,81.0,15.6,18.9,34.4,1.2,42.2,2.0,3.0,0.9,14.9,101.6,133.9,48.2
410,15,Sean Couturier,PHI,C,C,96,13,33,-10.7,-10.7,-10.7,,ACTIVE,0,,8,79.0,12.7,24.6,37.3,-2.6,33.1,1.1,1.8,1.8,15.8,134.0,87.0,43.9
411,15,Nate Schmidt,UTA,D,D,175,14,35,-11.8,-10.7,-10.7,,ACTIVE,0,,8,81.0,4.8,17.1,21.9,18.5,27.4,0.2,2.1,0.9,19.1,84.3,78.7,94.5
412,15,Jaden Schwartz,COL,LW,LW,68,10,34,-10.7,-10.7,-10.7,,ACTIVE,0,,9,69.0,17.8,22.4,40.2,-1.9,22.4,4.6,3.6,1.0,15.2,139.3,52.0,49.7
413,15,Barrett Hayton,UTA,C,C,97,13,26,-10.7,-10.7,-10.7,,ACTIVE,0,,8,77.0,15.0,21.0,36.0,1.3,53.1,4.2,3.9,0.3,14.5,141.5,43.2,39.9
414,15,Brett Howden,VGK,C,C/LW,98,13,28,-10.7,-10.7,-10.7,,ACTIVE,0,,8,75.0,17.9,17.3,35.2,-3.5,49.6,0.9,3.0,0.7,15.2,110.8,126.7,41.9
415,15,Michael Bunting,,LW,LW,69,10,,-10.7,-10.7,-10.7,,ACTIVE,0,,5,78.0,16.0,23.4,39.5,-19.9,37.6,7.6,5.8,0.3,14.4,147.4,54.8,30.9
416,15,Simon Holmstrom,NYI,RW,RW,74,12,25,-10.7,-10.7,-10.7,,ACTIVE,0,,10,79.0,19.9,24.1,44.0,1.9,16.9,1.9,3.8,2.1,16.6,111.7,23.9,51.5
417,15,Ryan Poehling,ANA,C,C,99,13,27,-10.7,-10.7,-10.7,,ACTIVE,0,,9,77.0,13.4,26.1,39.5,3.3,17.1,1.1,1.6,2.5,15.3,109.6,52.2,94.1
418,15,Luke Schenn,VAN,D,D,176,14,36,-11.9,-10.7,-10.7,,ACTIVE,0,,7,72.0,2.7,10.7,13.4,-10.0,58.0,0.1,0.3,0.6,15.3,73.7,232.8,100.6
419,15,Andrew Copp,DET,C,C,100,13,32,-10.7,-10.7,-10.7,,ACTIVE,0,,10,78.0,12.3,28.5,40.8,2.7,24.9,1.6,5.5,1.1,16.6,115.2,42.2,60.5
420,15,Jalen Chatfield,CAR,D,D,177,14,30,-11.9,-10.7,-10.7,,ACTIVE,0,,7,76.0,5.7,16.5,22.3,12.8,33.2,0.1,0.4,0.9,19.6,111.2,55.5,80.2
421,15,Teuvo Teravainen,CHI,LW,LW,70,10,32,-10.7,-10.7,-10.7,,ACTIVE,0,,9,80.0,15.0,27.4,42.4,-21.4,11.7,6.6,12.1,1.1,17.1,105.4,25.0,40.5
422,15,David Perron,,RW,RW,75,12,,-10.8,-10.8,-10.8,,ACTIVE,0,,4,70.0,16.3,19.6,35.9,-4.2,40.9,4.8,6.0,0.3,13.8,123.9,109.9,31.9
423,15,Matthew Robertson,NYR,D,D,178,14,25,-11.9,-10.8,-10.8,,ACTIVE,0,,7,68.0,6.1,14.5,20.5,0.7,44.4,0.1,0.6,0.7,17.5,93.0,120.7,91.9
424,15,Jean-Gabriel Pageau,NYI,C,C,101,13,33,-10.8,-10.8,-10.8,,ACTIVE,0,,9,78.0,15.1,21.8,36.9,-2.3,12.1,0.9,1.8,2.8,15.7,101.2,134.0,58.3
425,15,Will Borgen,BOS,D,D,179,14,29,-12.0,-10.8,-10.8,,ACTIVE,0,,7,78.0,4.5,13.4,17.9,-2.2,46.2,0.1,0.2,0.8,17.9,79.9,124.6,111.7
426,15,Andrew Peeke,UTA,D,D,180,14,28,-12.0,-10.8,-10.8,,ACTIVE,0,,7,77.0,4.2,14.4,18.5,-8.3,26.8,0.1,0.2,0.8,18.6,89.8,116.9,148.9
427,15,Matt Savoie,EDM,RW,RW,76,12,22,-10.8,-10.8,-10.8,,OUT,0,,6,77.0,18.3,21.6,39.9,3.6,23.9,4.2,2.4,1.4,15.5,146.3,25.5,39.0
428,15,Sam Dickinson,SJS,D,D,181,14,20,-12.0,-10.8,-10.8,,ACTIVE,0,,9,78.0,3.8,20.2,24.0,-2.5,30.5,0.5,2.1,0.5,19.2,99.8,90.5,90.4
429,15,Zack Bolduc,,LW,LW,71,10,,-10.9,-10.9,-10.9,,ACTIVE,0,,4,76.0,16.3,20.5,36.8,-0.1,32.8,3.9,4.4,0.4,13.1,118.8,139.4,44.6
430,15,Fabian Zetterlund,OTT,RW,RW,77,12,27,-10.9,-10.9,-10.9,,ACTIVE,0,,9,81.0,17.0,17.6,34.6,-2.4,19.8,4.7,3.5,0.3,13.6,145.1,148.2,47.1
431,15,Alex Vlasic,CHI,D,D,182,14,25,-12.1,-10.9,-10.9,,ACTIVE,0,,7,80.0,3.5,17.6,21.1,-14.2,24.1,0.1,1.6,1.2,21.4,89.3,41.3,134.5
432,15,Ben Hutton,,D,D,183,14,,-12.1,-10.9,-10.9,,ACTIVE,0,,4,41.0,5.5,17.5,23.0,6.4,39.1,0.3,2.0,0.5,17.5,103.2,70.7,97.1
433,15,Zachary L'Heureux,COL,LW,LW,72,10,23,-10.9,-10.9,-10.9,,ACTIVE,0,,8,71.0,12.7,12.6,25.3,-0.5,62.9,1.1,2.7,0.7,12.9,112.1,193.9,44.0
434,15,Bobby Brink,MIN,RW,RW,78,12,25,-10.9,-10.9,-10.9,,ACTIVE,0,,10,73.0,16.8,24.0,40.8,-5.6,27.3,4.2,4.8,0.3,15.0,122.5,89.6,41.4
435,15,Kirby Dach,MTL,C,C/RW,102,13,25,-10.9,-10.9,-10.9,,ACTIVE,0,,7,66.0,16.0,19.5,35.5,-9.8,54.2,1.8,5.9,0.3,13.6,116.2,108.4,52.1
436,15,Jonah Gadjovich,FLA,LW,LW/RW,73,10,27,-10.9,-10.9,-10.9,,INJURY_RESERVE,0,,4,46.0,12.3,14.5,26.7,-2.4,87.1,2.8,4.1,0.4,11.6,105.3,139.4,36.7
437,15,Scott Morrow,,D,D,184,14,,-12.2,-11.0,-11.0,,ACTIVE,0,,6,48.0,4.7,21.3,26.0,2.3,32.4,0.8,4.7,0.5,17.7,93.0,62.4,93.6
438,15,Travis Hamonic,,D,D,185,14,,-12.2,-11.0,-11.0,,ACTIVE,0,,3,30.0,3.6,14.1,17.7,4.2,50.5,0.4,1.6,0.6,18.1,60.5,98.0,111.9
439,15,Brett Pesce,NJD,D,D,186,14,31,-12.2,-11.0,-11.0,,ACTIVE,0,,7,74.0,3.3,15.5,18.8,-6.5,28.2,0.1,0.4,0.8,20.3,105.0,36.4,146.5
440,15,Calum Ritchie,NYI,C,C/RW,103,13,21,-11.0,-11.0,-11.0,,ACTIVE,0,,9,76.0,17.8,24.2,42.0,-12.6,28.5,6.2,7.4,0.3,15.1,120.9,33.0,44.2
441,15,Matthew Wood,NSH,RW,RW,79,13,21,-11.0,-11.0,-11.0,,ACTIVE,0,,9,78.0,20.0,19.3,39.3,-2.7,22.4,5.0,5.3,0.4,14.8,139.7,69.3,34.1
442,15,Teddy Blueger,TOR,C,C,104,13,32,-11.1,-11.1,-11.1,,ACTIVE,0,,7,68.0,13.4,20.9,34.4,-13.7,41.5,1.5,1.5,2.0,15.5,110.4,108.5,45.8
443,15,Scott Laughton,LAK,C,C,105,13,32,-11.1,-11.1,-11.1,,ACTIVE,0,,7,76.0,14.6,15.1,29.7,-7.8,41.9,1.2,1.5,1.4,14.5,125.4,147.9,53.1
444,15,Adam Lowry,WPG,C,C,106,13,33,-11.1,-11.1,-11.1,,ACTIVE,0,,9,77.0,10.8,19.3,30.1,0.9,37.9,0.4,1.2,1.3,15.5,98.6,163.3,59.5
445,15,Jeffrey Viel,TBL,LW,LW,74,10,29,-11.1,-11.1,-11.1,,ACTIVE,0,,5,69.0,8.2,13.7,21.9,-6.0,110.1,1.1,1.3,0.6,10.1,112.0,177.5,36.3
446,15,Emmitt Finnie,DET,LW,LW/RW,75,10,21,-11.1,-11.1,-11.1,,ACTIVE,0,,10,82.0,15.6,19.7,35.3,-7.2,11.0,4.1,4.5,0.5,15.9,131.6,134.1,42.5
447,15,Mason Lohrei,BOS,D,D,187,14,25,-12.3,-11.1,-11.1,,ACTIVE,0,,9,75.0,6.6,21.7,28.3,0.2,28.0,1.5,5.2,0.3,17.3,89.5,40.4,106.6
448,15,Cale Fleury,SEA,D,D,188,14,27,-12.3,-11.1,-11.1,,ACTIVE,0,,7,60.0,4.6,12.7,17.3,4.7,30.3,0.3,1.5,0.5,16.8,88.4,148.1,115.7
449,15,Henri Jokiharju,BOS,D,D,189,14,27,-12.3,-11.1,-11.1,,ACTIVE,0,,7,58.0,4.6,19.3,23.9,6.2,33.8,0.3,2.5,0.6,18.2,87.6,75.3,89.2
450,15,Scott Sabourin,TBL,RW,RW,80,13,34,-11.2,-11.2,-11.2,,ACTIVE,0,,5,59.0,8.8,15.1,23.9,0.8,127.2,1.4,1.9,0.3,9.9,71.0,156.1,33.5
451,15,Ryan Lindgren,SEA,D,D,190,14,28,-12.3,-11.2,-11.2,,ACTIVE,0,,7,77.0,3.5,12.9,16.4,1.0,55.1,0.1,0.2,0.8,18.6,66.0,67.9,125.1
452,15,Uvis Balinskis,FLA,D,D,191,14,30,-12.3,-11.2,-11.2,,ACTIVE,0,,6,70.0,5.3,17.3,22.6,-8.7,39.5,2.1,4.9,0.4,16.7,100.5,102.0,71.6
453,15,Jordan Harris,BOS,D,D,192,14,26,-12.4,-11.2,-11.2,,ACTIVE,0,,3,46.0,4.6,17.2,21.8,2.5,37.1,0.3,1.2,0.7,18.3,78.8,74.3,109.8
454,15,Dmitry Kulikov,FLA,D,D,193,14,35,-12.4,-11.2,-11.2,,ACTIVE,0,,6,65.0,3.8,13.5,17.4,1.3,49.1,0.2,0.9,0.6,18.4,79.2,108.7,89.2
455,15,Jayden Struble,MTL,D,D,194,14,25,-12.4,-11.2,-11.2,,ACTIVE,0,,7,61.0,3.6,15.8,19.4,3.9,68.7,0.2,0.7,0.4,15.5,64.0,147.1,72.1
456,15,Victor Eklund,NYI,LW,LW,76,11,19,-11.2,-11.2,-11.2,,ACTIVE,0,,4,50.0,13.9,26.4,40.3,-1.9,27.3,3.7,6.1,0.4,15.6,125.0,52.6,35.3
457,15,Philippe Myers,TOR,D,D,195,14,29,-12.4,-11.3,-11.3,,ACTIVE,0,,6,40.0,4.0,14.1,18.0,1.1,42.9,0.4,1.5,0.5,17.4,90.2,110.1,97.3
458,15,Ilya Protas,WSH,LW,LW,77,11,20,-11.3,-11.3,-11.3,,ACTIVE,0,,8,66.0,16.1,24.2,40.3,2.5,35.1,3.0,3.2,0.4,14.4,134.7,56.3,38.9
459,15,Bo Groulx,TOR,C,C,107,14,26,-11.3,-11.3,-11.3,,ACTIVE,0,,3,34.0,14.8,19.6,34.5,-3.9,28.8,2.7,3.7,0.5,15.9,115.6,118.8,42.6
460,15,Konsta Helenius,BUF,C,C,108,14,20,-11.3,-11.3,-11.3,,ACTIVE,0,,8,72.0,15.5,26.2,41.7,1.8,20.7,2.9,4.0,0.4,15.1,139.2,69.6,34.7
461,15,Gage Goncalves,TBL,LW,LW/RW,78,11,25,-11.3,-11.3,-11.3,,ACTIVE,0,,9,74.0,13.9,24.0,38.0,15.6,37.2,1.5,3.6,0.4,14.6,102.3,100.3,34.4
462,15,Connor Brown,NJD,RW,RW,81,13,32,-11.3,-11.3,-11.3,,ACTIVE,0,,9,77.0,15.7,23.7,39.4,-1.5,20.8,3.5,3.6,1.7,15.9,126.5,31.9,39.5
463,15,Samuel Girard,PIT,D,D,196,14,28,-12.5,-11.3,-11.3,,ACTIVE,0,,7,75.0,3.6,21.8,25.4,14.5,27.7,0.1,0.7,0.6,19.0,78.3,50.1,100.5
464,15,Alex Newhook,MTL,C,C/LW,109,14,25,-11.4,-11.4,-11.4,,ACTIVE,0,,9,72.0,18.3,20.9,39.3,-0.4,25.0,2.8,3.7,1.0,14.7,123.0,85.4,35.8
465,15,Corey Perry,LAK,RW,RW,82,13,41,-11.4,-11.4,-11.4,,DAY_TO_DAY,0,,8,77.0,16.8,16.5,33.3,0.9,74.1,4.6,5.3,0.3,12.7,114.5,38.8,26.7
466,15,Martin Pospisil,CGY,LW,LW,79,11,26,-11.4,-11.4,-11.4,,ACTIVE,0,,7,73.0,8.1,15.9,24.1,-2.9,73.1,1.2,1.8,0.3,10.9,104.0,256.5,28.3
467,15,Keaton Middleton,COL,D,D,197,14,28,-12.6,-11.4,-11.4,,ACTIVE,0,,3,44.0,3.5,11.3,14.8,2.1,52.4,0.3,1.2,0.5,17.1,90.2,119.4,87.2
468,15,Derek Forbort,,D,D,198,14,,-12.6,-11.4,-11.4,,INJURY_RESERVE,0,,3,55.0,3.1,13.7,16.8,0.5,48.4,0.2,0.8,0.6,18.1,69.6,95.4,112.4
469,15,Filip Chytil,VAN,C,C,110,14,27,-11.4,-11.4,-11.4,,ACTIVE,0,,7,66.0,19.9,19.5,39.3,-11.4,31.4,2.2,5.0,0.4,15.5,165.1,42.6,29.9
470,15,Pius Suter,STL,C,C,111,14,30,-11.4,-11.4,-11.4,,ACTIVE,0,,9,71.0,17.4,20.1,37.5,7.9,24.0,1.9,3.2,1.5,15.7,123.2,55.6,34.9
471,15,Andrei Kuzmenko,PIT,LW,LW,80,11,30,-11.4,-11.4,-11.4,,OUT,0,Personal leave following bereavement; return date unconfirmed. No additional missed-games estimate.,8,73.0,18.5,22.9,41.4,-4.9,22.6,7.9,7.7,0.3,14.5,112.4,31.4,25.9
472,15,Caleb Jones,,D,D,199,14,,-12.6,-11.4,-11.4,,ACTIVE,0,,3,79.0,2.5,16.1,18.6,10.9,38.8,0.4,1.3,0.7,16.2,83.4,111.3,103.7
473,15,Colton Dach,EDM,C,C/LW/RW,112,14,23,-11.4,-11.4,-11.4,,ACTIVE,0,,6,71.0,9.5,15.5,25.0,-13.1,57.3,2.2,2.4,0.3,12.6,92.7,255.7,41.3
474,15,Elias Salomonsson,,D,D,200,14,,-12.6,-11.5,-11.5,,ACTIVE,0,,5,65.0,4.0,14.4,18.4,-5.4,33.5,0.1,1.7,0.4,18.5,103.6,125.5,81.5
475,15,Jamie Oleksiak,VAN,D,D,201,14,33,-12.6,-11.5,-11.5,,ACTIVE,0,,6,78.0,4.6,11.7,16.3,4.6,38.8,0.1,0.2,0.6,17.3,79.6,109.5,123.9
476,15,Curtis Douglas,SEA,LW,LW/RW,81,11,26,-11.5,-11.5,-11.5,,ACTIVE,0,,5,59.0,6.8,11.9,18.6,-5.2,142.7,1.4,2.0,0.3,11.2,81.5,109.5,27.4
477,15,Ryker Evans,SEA,D,D,202,14,24,-12.7,-11.5,-11.5,,ACTIVE,0,,7,76.0,6.6,15.2,21.8,-0.7,43.8,0.1,2.0,0.7,17.7,68.5,81.6,98.8
478,15,Ryan Ufko,NSH,D,D,203,14,23,-12.7,-11.5,-11.5,,ACTIVE,0,,6,61.0,6.4,24.2,30.7,2.0,32.5,0.5,4.4,1.0,15.5,87.6,62.0,76.5
479,15,Dante Fabbro,CBJ,D,D,204,14,28,-12.7,-11.5,-11.5,,OUT,0,,7,73.0,5.6,13.6,19.2,-2.3,42.6,0.1,0.4,0.6,17.0,85.7,77.1,130.4
480,15,Ilya Lyubushkin,NSH,D,D,205,14,32,-12.7,-11.5,-11.5,,ACTIVE,0,,7,68.0,2.3,13.7,16.0,1.3,50.7,0.2,0.6,0.6,16.6,60.5,107.7,132.5
481,15,Juuso Valimaki,CAR,D,D,206,14,27,-12.7,-11.5,-11.5,,ACTIVE,0,,3,45.0,4.7,16.2,20.9,3.9,35.8,0.3,2.0,0.7,18.2,83.9,69.9,97.7
482,15,Connor Dewar,PIT,LW,LW,82,11,27,-11.6,-11.6,-11.6,,ACTIVE,0,,8,71.0,13.6,16.3,29.9,6.4,26.7,0.8,1.4,2.1,13.7,113.6,146.9,52.2
483,15,Dalibor Dvorsky,STL,C,C,113,14,21,-11.6,-11.6,-11.6,,ACTIVE,0,,9,77.0,16.3,16.5,32.8,-5.2,31.2,6.7,3.5,0.3,14.9,120.9,87.5,34.9
484,15,Wyatt Kaiser,CHI,D,D,207,14,24,-12.8,-11.6,-11.6,,ACTIVE,0,,7,71.0,5.5,14.2,19.7,-7.6,38.5,0.1,0.5,0.7,19.8,86.3,62.1,101.7
485,15,Philipp Kurashev,,LW,LW/RW,83,11,,-11.6,-11.6,-11.6,,ACTIVE,0,,4,60.0,15.5,24.2,39.7,-8.8,27.9,2.8,5.7,0.6,15.8,117.8,61.7,36.9
486,15,Carson Soucy,,D,D,208,14,,-12.8,-11.6,-11.6,,ACTIVE,0,,5,58.0,5.0,12.0,17.0,-1.4,43.6,0.3,0.7,0.6,17.6,77.6,108.8,103.5
487,15,Pavol Regenda,,LW,LW/RW,84,11,,-11.6,-11.6,-11.6,,ACTIVE,0,,4,54.0,15.2,17.0,32.3,-2.2,31.3,3.2,3.0,0.4,13.8,124.1,149.5,38.7
488,15,Nathan Walker,STL,LW,C/LW,85,11,32,-11.7,-11.7,-11.7,,ACTIVE,0,,6,58.0,11.6,15.3,26.9,-8.3,42.9,1.4,2.0,0.6,13.2,92.4,228.2,55.2
489,15,Tye Kartye,NYR,LW,LW,86,11,25,-11.7,-11.7,-11.7,,ACTIVE,0,,8,68.0,12.0,16.3,28.3,-6.1,46.7,1.1,1.5,1.0,12.8,97.0,203.0,47.3
490,15,Kaapo Kakko,SEA,RW,RW,83,13,25,-11.7,-11.7,-11.7,,ACTIVE,0,,9,75.0,15.7,28.9,44.6,6.2,26.6,3.3,6.1,0.3,14.4,110.8,46.9,22.6
491,15,Joshua Mahura,SEA,D,D,209,14,28,-12.9,-11.7,-11.7,,ACTIVE,0,,5,72.0,2.8,15.2,18.0,13.8,46.1,0.3,1.1,0.5,15.9,76.2,104.4,96.8
492,15,Bradly Nadeau,CAR,C,C,114,14,21,-11.8,-11.8,-11.8,,ACTIVE,0,,3,54.0,17.3,14.2,31.5,6.4,23.1,8.9,2.2,0.4,13.8,130.9,70.6,29.3
493,15,Tom Willander,VAN,D,D,210,14,21,-12.9,-11.8,-11.8,,ACTIVE,0,,8,78.0,6.0,21.2,27.3,-19.6,34.0,0.5,4.3,0.4,18.6,82.3,48.6,100.4
494,15,Scott Mayfield,NYI,D,D,211,14,33,-13.0,-11.8,-11.8,,ACTIVE,0,,7,73.0,2.9,12.4,15.3,-3.0,65.8,0.1,0.4,0.7,16.4,73.6,86.6,106.0
495,15,Justin Sourdif,WSH,C,C,115,14,24,-11.8,-11.8,-11.8,,ACTIVE,0,,9,74.0,15.8,20.6,36.4,11.6,35.5,3.0,1.5,0.3,13.4,117.7,94.7,40.6
496,15,Parker Kelly,COL,LW,LW/RW,87,11,27,-11.8,-11.8,-11.8,,ACTIVE,0,,10,81.0,14.0,14.3,28.3,4.6,33.9,0.5,0.4,2.0,12.8,104.3,163.1,59.5
497,15,Oliver Kapanen,MTL,C,C,116,14,23,-11.8,-11.8,-11.8,,ACTIVE,0,,9,76.0,19.3,17.4,36.7,0.4,24.1,1.9,1.9,1.7,14.6,131.6,37.3,60.4
498,15,Nick Foligno,MIN,LW,C/LW,88,11,38,-11.8,-11.8,-11.8,,ACTIVE,0,,7,71.0,10.9,17.1,27.9,-5.5,51.3,2.1,3.7,1.1,12.8,92.7,165.9,41.5
499,15,Jordan Martinook,CAR,LW,LW/RW,89,11,34,-11.9,-11.9,-11.9,,ACTIVE,0,,8,80.0,12.9,18.4,31.3,6.6,32.4,0.2,0.3,1.9,14.6,117.2,102.0,52.5
500,15,Ryan Donato,CHI,RW,C/LW/RW,84,13,30,-11.9,-11.9,-11.9,,ACTIVE,0,,9,82.0,18.5,19.1,37.6,-13.5,41.6,2.0,2.6,0.2,14.7,145.9,87.4,22.9
501,15,Michael Pezzetta,TOR,LW,LW,90,11,28,-11.9,-11.9,-11.9,,ACTIVE,0,,3,49.0,9.2,13.9,23.1,-4.8,75.7,2.0,2.7,0.4,11.3,93.6,207.8,34.6
502,15,Andreas Englund,CGY,D,D,212,14,30,-13.0,-11.9,-11.9,,ACTIVE,0,,1,79.0,0.3,6.2,6.5,-3.2,84.9,0.1,0.3,0.4,15.1,46.6,200.8,82.0
503,15,Shakir Mukhamadullin,EDM,D,D,213,14,24,-13.1,-11.9,-11.9,,ACTIVE,0,,7,69.0,6.1,14.8,20.8,-4.2,35.6,0.1,1.2,0.7,17.5,85.7,67.8,114.4
504,15,Adam Sykora,NYR,LW,LW,91,11,22,-11.9,-11.9,-11.9,,OUT,0,,2,35.0,14.3,18.7,33.1,-3.7,29.5,2.8,3.9,0.6,14.4,127.4,95.9,49.6
505,15,Troy Stecher,TOR,D,D,214,14,32,-13.1,-11.9,-11.9,,ACTIVE,0,,6,58.0,3.8,14.2,18.0,-1.1,37.0,0.2,0.7,0.8,18.9,84.9,62.6,102.9
506,15,Michael Amadio,OTT,RW,RW,85,13,30,-11.9,-11.9,-11.9,,ACTIVE,0,,8,78.0,14.7,19.5,34.2,10.8,21.1,1.3,1.0,1.0,15.7,104.6,102.1,51.5
507,15,Justin Brazeau,PIT,RW,RW,86,13,28,-12.0,-12.0,-12.0,,OUT,0,,9,66.0,17.4,19.7,37.2,1.7,21.5,3.6,3.4,0.3,13.0,123.9,109.4,49.5
508,15,Jack Roslovic,TOR,C,C/RW,117,14,29,-12.0,-12.0,-12.0,,ACTIVE,0,,10,74.0,21.0,21.3,42.4,-9.1,19.5,3.2,3.2,0.3,15.1,152.8,44.9,31.9
509,15,Noah Laba,NYR,C,C,118,14,23,-12.0,-12.0,-12.0,,ACTIVE,0,,8,78.0,11.9,19.0,30.9,-0.1,36.8,3.3,2.8,0.8,14.1,96.1,121.6,49.2
510,15,Noah Juulsen,COL,D,D,215,14,29,-13.2,-12.0,-12.0,,ACTIVE,0,,6,58.0,3.5,13.3,16.8,2.9,37.9,0.3,0.9,0.7,15.9,62.7,157.7,98.9
511,15,Ryan Graves,,D,D,216,14,,-13.2,-12.0,-12.0,,ACTIVE,0,,7,56.0,4.3,12.2,16.5,0.4,40.2,0.3,1.1,0.4,17.1,83.9,87.8,117.8
512,15,Alex Iafallo,WPG,LW,LW/RW,92,11,32,-12.0,-12.0,-12.0,,ACTIVE,0,,9,81.0,13.0,16.7,29.6,5.1,16.8,3.1,3.1,0.9,15.5,116.7,95.3,62.1
513,15,Emil Andrae,TOR,D,D,217,14,24,-13.2,-12.1,-12.1,,ACTIVE,0,,7,60.0,4.0,15.7,19.7,10.5,36.4,0.3,3.0,0.4,16.6,74.7,90.1,90.9
514,15,Robby Fabbri,,LW,LW,93,11,,-12.1,-12.1,-12.1,,ACTIVE,0,,2,46.0,15.0,13.8,28.9,-3.6,37.2,2.2,3.0,0.4,13.4,166.5,98.3,42.3
515,15,Shane Wright,SEA,C,C,119,14,22,-12.1,-12.1,-12.1,,ACTIVE,0,,9,78.0,17.5,20.8,38.3,3.1,17.1,3.7,5.5,0.3,14.1,113.9,56.9,63.6
516,15,Yegor Sharangovich,CGY,LW,LW/RW,94,11,28,-12.1,-12.1,-12.1,,ACTIVE,0,,9,78.0,18.9,18.4,37.3,-16.0,14.0,4.8,4.0,0.8,16.5,150.8,25.2,37.3
517,15,Michael Carcone,UTA,RW,RW,87,13,30,-12.1,-12.1,-12.1,,OUT,0,,9,71.0,17.1,17.4,34.5,0.9,34.2,2.5,2.3,0.3,13.1,143.2,121.6,22.3
518,15,Kent Johnson,CBJ,LW,LW/RW,95,11,23,-12.1,-12.1,-12.1,,ACTIVE,0,,10,74.0,17.1,25.1,42.2,-5.1,22.6,3.3,5.3,0.3,14.9,135.5,23.3,38.6
519,15,Liam O'Brien,UTA,LW,LW,96,11,32,-12.1,-12.1,-12.1,,ACTIVE,0,,6,58.0,9.8,10.7,20.5,-5.7,86.5,1.5,2.2,0.3,11.2,95.2,191.6,35.8
520,15,Axel Sandin-Pellikka,DET,D,D,218,15,21,-13.3,-12.1,-12.1,,ACTIVE,0,,9,73.0,7.6,19.3,26.8,-6.6,29.8,1.6,5.7,0.4,16.5,95.5,40.3,79.8
521,15,Adam Wilsby,NSH,D,D,219,15,26,-13.3,-12.2,-12.2,,ACTIVE,0,,7,68.0,3.5,19.0,22.5,2.4,37.9,0.2,0.7,0.6,17.8,95.2,58.6,76.7
522,15,Nic Dowd,VGK,C,C,120,14,36,-12.2,-12.2,-12.2,,ACTIVE,0,,7,73.0,10.2,15.3,25.6,-1.6,60.5,0.6,0.8,1.3,13.8,80.2,133.3,60.1
523,15,Ross Johnston,STL,LW,LW,97,11,32,-12.2,-12.2,-12.2,,ACTIVE,0,,7,64.0,7.0,13.5,20.5,-2.6,104.4,1.1,1.6,0.3,10.8,65.4,197.0,30.5
524,15,Justin Danforth,BUF,RW,C/RW,88,13,33,-12.2,-12.2,-12.2,,ACTIVE,0,,5,52.0,14.0,18.9,32.9,-5.3,28.2,1.7,3.0,0.4,14.8,117.1,116.8,52.1
525,15,Connor Zary,CGY,LW,LW,98,11,25,-12.2,-12.2,-12.2,,ACTIVE,0,,8,75.0,16.8,19.7,36.5,-4.9,26.6,2.9,6.3,0.3,15.3,132.7,50.6,29.9
526,15,Tommy Novak,PIT,C,C/LW,121,14,29,-12.2,-12.2,-12.2,,ACTIVE,0,,6,79.0,18.0,25.4,43.4,3.2,17.8,3.7,4.0,0.4,14.4,133.7,16.2,38.9
527,15,Denver Barkey,PHI,LW,LW,99,11,21,-12.2,-12.2,-12.2,,OUT,0,,7,70.0,13.8,24.6,38.3,-6.0,31.1,3.4,6.1,0.3,14.0,101.5,82.7,37.8
528,15,Vincent Iorio,NYR,D,D,220,15,23,-13.4,-12.2,-12.2,,OUT,0,,6,50.0,3.5,15.1,18.7,-0.6,40.8,0.4,1.4,0.6,17.4,73.3,69.2,108.7
529,15,Tij Iginla,,C,C,122,14,,-12.3,-12.3,-12.3,,ACTIVE,0,,2,76.0,13.6,17.1,30.8,-3.9,40.0,1.7,2.4,0.7,13.7,151.8,95.2,31.3
530,15,Joel Nystrom,CAR,D,D,221,15,24,-13.4,-12.3,-12.3,,ACTIVE,0,,6,47.0,3.9,19.3,23.2,8.1,30.6,0.3,1.2,0.7,17.3,96.0,56.9,76.6
531,15,Oliver Bonk,PHI,D,D,222,15,21,-13.4,-12.3,-12.3,,ACTIVE,0,,2,63.0,5.2,15.1,20.3,0.2,34.2,0.2,0.8,0.7,18.2,86.3,72.6,82.3
532,15,Casey Mittelstadt,BOS,LW,LW,100,11,27,-12.3,-12.3,-12.3,,ACTIVE,0,,10,78.0,16.2,29.0,45.2,2.0,20.5,2.6,6.7,0.3,15.3,101.3,30.6,28.1
533,15,Alexandre Texier,MTL,LW,LW/RW,101,11,27,-12.3,-12.3,-12.3,,ACTIVE,0,,8,64.0,14.9,20.4,35.3,2.3,35.6,1.7,3.4,0.4,14.2,123.7,83.0,31.8
534,15,Haydn Fleury,WPG,D,D,223,15,30,-13.5,-12.3,-12.3,,ACTIVE,0,,6,46.0,3.8,14.4,18.2,-4.6,36.8,0.3,1.1,0.6,16.6,76.7,104.9,107.9
535,15,Declan Carlile,PIT,D,D,224,15,26,-13.5,-12.3,-12.3,,ACTIVE,0,,6,68.0,3.2,8.4,11.6,7.7,69.7,0.1,0.6,0.4,15.8,69.6,102.0,82.5
536,15,Charlie Stramel,MIN,C,C,123,14,21,-12.3,-12.3,-12.3,,ACTIVE,0,,2,83.0,12.3,18.4,30.7,-4.0,54.7,1.4,2.0,0.7,13.5,126.8,92.8,30.6
537,15,Daemon Hunt,MIN,D,D,225,15,24,-13.5,-12.4,-12.4,,ACTIVE,0,,5,52.0,3.1,17.2,20.3,0.9,30.8,0.5,1.7,0.6,17.6,71.6,71.3,106.5
538,15,Isaak Phillips,WPG,D,D,226,15,25,-13.5,-12.4,-12.4,,ACTIVE,0,,2,83.0,0.1,13.3,13.4,-1.2,54.9,0.0,0.1,0.5,15.7,78.6,139.0,91.3
539,15,Daniil But,UTA,RW,RW,89,13,21,-12.4,-12.4,-12.4,,ACTIVE,0,,5,63.0,13.9,17.4,31.2,0.5,27.2,3.3,5.4,0.3,14.2,134.4,64.7,49.2
540,15,Ty Emberson,EDM,D,D,227,15,26,-13.6,-12.4,-12.4,,ACTIVE,0,,6,63.0,3.1,15.0,18.1,0.0,29.7,0.2,0.7,0.6,16.6,69.1,122.1,110.6
541,15,Vladislav Kolyachonok,NJD,D,D,228,15,25,-13.6,-12.4,-12.4,,ACTIVE,0,,3,45.0,5.2,15.5,20.7,3.2,34.8,0.3,1.2,0.7,17.6,68.8,79.1,87.0
542,15,Ty Dellandrea,SJS,C,C,124,14,26,-12.4,-12.4,-12.4,,ACTIVE,0,,7,67.0,8.1,16.2,24.2,-20.7,48.7,1.4,1.7,1.5,13.7,97.1,174.7,53.6
543,15,Matt Rempe,NYR,RW,RW,90,13,24,-12.5,-12.5,-12.5,,ACTIVE,0,,6,42.0,12.6,16.2,28.8,-2.6,53.4,2.7,3.6,0.4,12.2,99.7,147.1,31.9
544,15,Kevin Hayes,,C,C/LW,125,14,,-12.5,-12.5,-12.5,,ACTIVE,0,,4,40.0,15.3,20.2,35.5,-3.2,24.4,3.1,5.3,0.4,14.5,128.4,73.3,30.5
545,15,Linus Karlsson,VAN,RW,RW,91,13,26,-12.5,-12.5,-12.5,,ACTIVE,0,,9,74.0,15.8,20.7,36.5,-17.9,37.8,2.8,3.1,0.3,14.3,129.2,91.3,29.5
546,15,Victor Olofsson,VGK,RW,RW,92,13,31,-12.5,-12.5,-12.5,,ACTIVE,0,,8,76.0,17.3,19.7,37.0,6.4,15.3,4.6,5.3,0.3,14.4,145.1,31.8,25.3
547,15,Kaedan Korczak,PIT,D,D,229,15,25,-13.7,-12.5,-12.5,,ACTIVE,0,,8,75.0,2.7,17.3,20.0,10.8,27.2,0.1,0.4,0.4,16.5,73.5,111.1,98.5
548,15,Jordan Greenway,CHI,LW,LW,102,11,29,-12.5,-12.5,-12.5,,OUT,0,,6,59.0,10.2,15.9,26.1,-7.4,55.3,1.6,2.6,0.7,14.0,100.1,120.3,49.5
549,15,Nick Paul,TOR,C,C,126,14,31,-12.5,-12.5,-12.5,,DAY_TO_DAY,0,,8,74.0,16.1,16.7,32.7,-7.2,36.1,2.4,3.1,0.4,14.0,120.1,104.9,37.8
550,15,Stefan Noesen,NJD,RW,RW,93,13,33,-12.5,-12.5,-12.5,,ACTIVE,0,,6,71.0,12.5,16.3,28.7,-10.6,51.7,5.2,5.9,0.3,12.2,119.6,89.8,30.6
551,15,Joel Armia,LAK,RW,RW,94,13,33,-12.5,-12.5,-12.5,,ACTIVE,0,,7,74.0,15.2,16.2,31.3,-1.2,32.1,1.6,1.7,1.8,13.9,114.6,85.1,43.7
552,15,Sam Steel,DAL,C,C/LW,127,14,28,-12.5,-12.5,-12.5,,ACTIVE,0,,9,77.0,11.9,22.3,34.2,-1.0,29.8,1.2,2.2,1.5,15.6,101.1,79.1,33.7
553,15,Zachary Aston-Reese,PHI,LW,LW/RW,103,11,32,-12.5,-12.5,-12.5,,ACTIVE,0,,5,38.0,12.5,17.8,30.4,-5.4,31.1,2.9,4.2,0.5,13.9,108.1,127.2,42.1
554,15,Jake Evans,MTL,C,C,128,14,30,-12.6,-12.6,-12.6,,ACTIVE,0,,7,78.0,12.7,18.1,30.8,-5.8,27.8,0.4,0.8,2.1,15.4,89.4,104.0,60.3
555,15,Garnet Hathaway,FLA,RW,RW,95,13,34,-12.6,-12.6,-12.6,,ACTIVE,0,,7,67.0,7.7,10.2,17.9,-2.5,65.0,1.0,1.4,0.4,11.0,75.1,248.1,66.0
556,15,Carl Grundstrom,PHI,LW,LW,104,11,28,-12.6,-12.6,-12.6,,ACTIVE,0,,6,62.0,13.8,12.5,26.3,-1.4,32.5,1.2,1.8,0.8,12.7,119.7,192.1,37.9
557,15,Alex Bump,PHI,LW,LW,105,11,22,-12.6,-12.6,-12.6,,ACTIVE,0,,7,65.0,19.5,20.2,39.7,3.8,20.8,2.3,3.0,0.4,13.5,126.3,72.9,35.8
558,15,Ilya Solovyov,,D,D,230,15,,-13.8,-12.6,-12.6,,ACTIVE,0,,6,60.0,4.0,18.0,22.0,1.6,43.1,0.2,0.7,0.5,14.7,75.3,98.2,96.2
559,15,Morgan Barron,WPG,C,C,129,14,27,-12.6,-12.6,-12.6,,ACTIVE,0,,7,74.0,12.9,14.3,27.2,3.5,30.9,0.5,1.1,1.6,12.9,113.6,143.8,49.6
560,15,Hunter Brzustewicz,CGY,D,D,231,15,21,-13.8,-12.6,-12.6,,ACTIVE,0,,4,48.0,5.4,15.6,20.9,3.6,27.8,0.3,1.2,0.5,17.6,92.0,73.5,79.2
561,15,Jacob Melanson,SEA,RW,RW,96,14,23,-12.7,-12.7,-12.7,,ACTIVE,0,,7,62.0,9.8,12.1,21.9,-11.5,49.6,1.4,1.8,0.3,10.8,95.8,296.7,31.2
562,15,Jeff Skinner,,LW,LW,106,11,,-12.7,-12.7,-12.7,,ACTIVE,0,,3,68.0,18.4,19.6,37.9,-4.8,27.0,3.9,4.2,0.3,13.1,142.0,47.3,33.9
563,15,Viggo Bjorck,WPG,C,C,130,14,18,-12.7,-12.7,-12.7,,ACTIVE,0,,5,78.0,13.5,20.9,34.3,13.8,20.6,2.6,3.9,0.4,15.4,128.8,42.9,30.1
564,15,Urho Vaakanainen,NYR,D,D,232,15,27,-13.9,-12.7,-12.7,,ACTIVE,0,,6,47.0,3.6,17.5,21.0,4.4,37.9,0.3,1.2,0.6,16.8,78.3,63.9,86.8
565,15,Keegan Kolesar,DET,RW,RW,97,14,29,-12.7,-12.7,-12.7,,ACTIVE,0,,8,80.0,9.1,13.5,22.6,-8.2,53.8,0.2,0.6,0.6,11.9,77.9,262.6,45.3
566,15,Trevor Connelly,VGK,LW,LW,107,11,20,-12.7,-12.7,-12.7,,ACTIVE,0,,3,67.0,14.6,21.5,36.1,-2.5,27.2,3.0,5.0,0.4,13.5,145.2,44.2,35.3
567,15,Nicholas Robertson,PIT,LW,LW,108,11,25,-12.8,-12.8,-12.8,,ACTIVE,0,,8,76.0,18.7,19.1,37.7,-8.1,16.7,2.6,2.9,0.3,13.8,143.6,81.7,41.7
568,15,Nino Niederreiter,WPG,LW,LW,109,11,34,-12.8,-12.8,-12.8,,ACTIVE,0,,9,77.0,13.7,17.0,30.7,-0.7,27.2,2.5,4.9,0.3,14.0,125.8,106.0,34.1
569,15,Cole Smith,CHI,LW,LW,110,11,30,-12.8,-12.8,-12.8,,ACTIVE,0,,7,70.0,10.3,11.3,21.5,-6.4,53.6,0.8,1.2,1.0,13.6,95.7,190.4,32.4
570,15,Ryan Strome,CGY,C,C,131,14,33,-12.8,-12.8,-12.8,,ACTIVE,0,,8,77.0,12.4,22.2,34.6,-7.9,56.6,1.4,4.2,0.3,14.6,108.8,43.9,28.5
571,15,Drew Fortescue,NYR,D,D,233,15,21,-14.0,-12.8,-12.8,,ACTIVE,0,,3,51.0,2.5,14.2,16.7,1.0,38.7,0.3,1.0,0.5,16.8,89.8,86.1,85.2
572,15,Justin Barron,NSH,D,D,234,15,24,-14.0,-12.8,-12.8,,ACTIVE,0,,6,59.0,4.4,14.7,19.1,-2.0,35.5,0.3,1.2,0.5,16.7,77.7,81.8,98.9
573,15,Alec Regula,EDM,D,D,235,15,26,-14.0,-12.8,-12.8,,OUT,0,,3,84.0,0.5,7.1,7.6,-3.9,99.2,0.0,0.2,0.4,14.8,51.1,42.5,126.0
574,15,Adam Henrique,,C,C,132,14,,-12.8,-12.8,-12.8,,ACTIVE,0,,5,71.0,11.9,17.0,28.9,-5.9,24.3,2.5,4.4,1.0,14.4,113.6,57.3,81.5
575,15,Nils Lundkvist,DAL,D,D,236,15,26,-14.0,-12.8,-12.8,,ACTIVE,0,,7,70.0,4.2,16.1,20.3,11.1,34.6,0.1,1.1,0.3,16.8,93.3,55.9,79.4
576,15,Nick Cousins,OTT,LW,LW/RW,111,12,33,-12.8,-12.8,-12.8,,ACTIVE,0,,7,74.0,10.0,15.0,25.0,3.8,71.8,0.5,0.8,0.3,11.8,94.4,146.2,41.7
577,15,Nicolas Aube-Kubel,,RW,RW,98,14,,-12.8,-12.8,-12.8,,ACTIVE,0,,2,38.0,12.2,17.1,29.3,-4.2,43.7,2.5,3.5,0.4,13.0,112.3,123.0,30.2
578,15,Conor Geekie,TBL,C,C/LW,133,14,22,-12.8,-12.8,-12.8,,ACTIVE,0,,5,60.0,14.0,17.7,31.7,-7.5,32.2,2.3,3.0,0.4,13.7,102.7,136.9,39.4
579,15,Justin Holl,,D,D,237,15,,-14.0,-12.8,-12.8,,ACTIVE,0,,4,58.0,3.5,12.2,15.7,6.9,36.7,0.3,0.8,0.5,18.0,61.6,80.4,94.5
580,15,Tyson Hinds,ANA,D,D,238,15,23,-14.0,-12.9,-12.9,,ACTIVE,0,,4,72.0,4.0,11.3,15.3,-7.4,28.1,0.5,1.3,0.5,17.2,87.9,87.9,118.0
581,15,Matt Grzelcyk,,D,D,239,15,,-14.0,-12.9,-12.9,,ACTIVE,0,,4,70.0,1.9,18.3,20.2,-7.6,32.8,0.1,4.9,0.5,17.9,86.7,47.2,82.1
582,15,Jacob Bernard-Docker,DET,D,D,240,15,26,-14.1,-12.9,-12.9,,ACTIVE,0,,6,56.0,3.7,12.8,16.5,1.6,38.7,0.2,1.0,0.5,16.2,68.7,85.0,111.8
583,15,Matias Maccelli,NYI,LW,LW,112,12,25,-12.9,-12.9,-12.9,,ACTIVE,0,,9,72.0,15.8,29.0,44.8,-16.8,19.5,2.5,7.4,0.3,15.0,120.2,32.0,22.0
584,15,J.T. Compher,DET,C,C,134,14,31,-12.9,-12.9,-12.9,,ACTIVE,0,,9,81.0,13.1,20.3,33.4,-8.9,28.0,2.7,3.1,1.0,16.0,102.6,29.8,60.1
585,15,Maxim Shabanov,MIN,RW,RW,99,14,25,-12.9,-12.9,-12.9,,ACTIVE,0,,4,75.0,14.7,25.4,40.2,-1.7,10.7,3.4,6.5,0.3,14.2,120.4,54.6,34.1
586,15,Ilya Mikheyev,TBL,LW,LW/RW,113,12,31,-12.9,-12.9,-12.9,,ACTIVE,0,,8,79.0,17.4,18.0,35.4,0.4,18.2,0.3,0.4,2.2,15.7,133.6,37.9,25.6
587,15,Jason Dickinson,EDM,C,C,135,15,31,-12.9,-12.9,-12.9,,ACTIVE,0,,8,75.0,11.2,15.0,26.2,-9.7,36.9,0.6,0.7,1.3,15.2,96.0,115.4,65.7
588,15,Braeden Bowman,VGK,RW,RW,100,14,23,-12.9,-12.9,-12.9,,ACTIVE,0,,9,75.0,14.9,26.7,41.6,-14.1,21.7,3.7,4.0,0.3,14.3,124.2,39.6,38.3
589,15,Nikita Grebenkin,PHI,RW,RW,101,14,23,-12.9,-12.9,-12.9,,ACTIVE,0,,5,53.0,11.3,20.1,31.4,-3.0,49.7,2.5,3.1,0.3,13.4,84.8,111.6,32.9
590,15,Vladislav Namestnikov,WPG,C,C/RW,136,15,33,-12.9,-12.9,-12.9,,ACTIVE,0,,8,77.0,12.0,17.1,29.1,-3.9,37.0,2.8,3.3,0.5,14.0,103.3,96.5,49.3
591,15,Brett Kulak,COL,D,D,241,15,32,-14.1,-13.0,-13.0,,ACTIVE,0,,7,82.0,3.3,13.8,17.1,-4.2,33.6,0.0,0.4,0.5,18.7,99.2,27.2,106.9
592,15,Jack Drury,NSH,C,C,137,15,26,-13.0,-13.0,-13.0,,ACTIVE,0,,8,77.0,11.6,17.6,29.2,9.4,32.7,1.1,1.8,1.3,14.5,109.3,52.2,57.6
593,15,Dominik Shine,DET,RW,RW,102,14,33,-13.0,-13.0,-13.0,,ACTIVE,0,,1,32.0,17.0,14.8,31.8,-1.4,35.4,2.8,3.9,0.6,14.3,106.8,68.1,32.3
594,15,Anthony Beauvillier,WSH,RW,RW,103,14,29,-13.0,-13.0,-13.0,,ACTIVE,0,,7,77.0,14.4,14.0,28.4,2.2,24.4,1.5,1.4,0.9,13.9,143.9,93.1,45.4
595,15,Matt Benning,,D,D,242,15,,-14.2,-13.0,-13.0,,ACTIVE,0,,1,84.0,0.0,19.0,19.0,-2.6,27.0,0.0,0.3,0.7,17.6,60.0,104.0,101.0
596,15,Zach Bogosian,MIN,D,D,243,15,36,-14.2,-13.0,-13.0,,ACTIVE,0,,7,62.0,4.1,12.4,16.6,7.1,46.3,0.2,0.6,0.5,15.4,74.8,95.8,82.9
597,15,Nick Perbix,NSH,D,D,244,15,28,-14.2,-13.0,-13.0,,ACTIVE,0,,7,77.0,4.6,14.8,19.4,-6.2,24.6,0.1,0.2,1.1,18.6,82.7,44.9,102.0
598,15,Drew O'Connor,VAN,LW,LW,114,12,28,-13.0,-13.0,-13.0,,ACTIVE,0,,8,84.0,15.4,14.5,29.9,-10.9,38.4,0.4,0.5,1.2,14.9,133.0,76.5,41.2
599,15,Jakob Pelletier,TBL,LW,LW,115,12,25,-13.0,-13.0,-13.0,,ACTIVE,0,,3,52.0,14.0,20.7,34.7,-3.4,21.2,2.6,3.6,0.7,14.5,121.5,68.4,36.2
600,15,Michael Eyssimont,BOS,RW,RW,104,14,30,-13.0,-13.0,-13.0,,ACTIVE,0,,5,68.0,12.5,14.5,27.0,-1.2,54.0,2.1,3.3,0.3,11.5,147.2,90.2,32.1
601,15,Adam Boqvist,,D,D,245,15,,-14.2,-13.1,-13.1,,ACTIVE,0,,3,32.0,3.5,14.9,18.3,3.9,35.2,0.4,1.5,0.6,18.0,58.3,71.5,82.7
602,15,Oskar Sundqvist,STL,C,C,138,15,32,-13.1,-13.1,-13.1,,ACTIVE,0,,6,53.0,11.6,20.0,31.6,-10.4,35.6,3.2,3.8,0.9,14.1,88.6,87.0,44.9
603,15,Jesper Boqvist,NJD,LW,LW/RW,116,12,27,-13.1,-13.1,-13.1,,ACTIVE,0,,7,52.0,13.1,17.7,30.8,-5.2,26.6,2.0,3.4,0.5,13.4,110.8,140.1,37.6
604,15,Sam Colangelo,ANA,RW,RW,105,14,24,-13.1,-13.1,-13.1,,ACTIVE,0,,5,73.0,17.8,15.2,33.0,-9.5,13.2,3.3,2.5,0.7,13.2,109.0,147.8,41.7
605,15,Noel Acciari,PHI,C,C/RW,139,15,34,-13.1,-13.1,-13.1,,ACTIVE,0,,7,71.0,12.1,12.5,24.5,1.6,25.1,0.8,1.1,1.8,13.6,103.2,107.9,81.2
606,15,Kasperi Kapanen,EDM,RW,RW,106,14,30,-13.1,-13.1,-13.1,,ACTIVE,0,,7,69.0,13.1,18.4,31.5,-1.4,25.8,1.2,1.7,0.8,14.4,118.3,114.7,31.6
607,15,Joel Hanley,CGY,D,D,246,15,35,-14.3,-13.1,-13.1,,ACTIVE,0,,5,58.0,2.4,11.7,14.1,3.3,47.0,0.3,0.9,0.5,16.3,65.0,70.7,108.3
608,15,John Hayden,,RW,C/RW,107,14,,-13.2,-13.2,-13.2,,ACTIVE,0,,2,84.0,4.0,3.0,7.1,-6.6,123.0,0.1,0.2,0.3,9.4,82.0,174.6,78.5
609,15,Nick DeSimone,UTA,D,D,247,15,31,-14.3,-13.2,-13.2,,ACTIVE,0,,6,51.0,4.7,16.9,21.6,6.4,29.0,0.4,1.2,0.5,16.5,81.0,64.0,82.2
610,15,Lane Pederson,LAK,C,C,140,15,29,-13.2,-13.2,-13.2,,ACTIVE,0,,2,77.0,8.7,9.2,17.9,-4.4,76.2,0.6,0.9,0.6,11.6,87.7,194.6,34.0
611,15,Danila Yurov,MIN,C,C,141,15,22,-13.2,-13.2,-13.2,,ACTIVE,0,,9,79.0,14.9,20.1,35.0,-5.3,34.0,1.6,2.9,0.4,13.9,103.9,73.8,49.7
612,15,Justin Kirkland,MIN,C,C,142,15,30,-13.2,-13.2,-13.2,,ACTIVE,0,,4,56.0,10.3,20.2,30.6,-3.3,34.6,2.0,2.9,0.6,13.8,70.5,131.6,53.2
613,15,John Leonard,DET,LW,LW,117,12,28,-13.2,-13.2,-13.2,,ACTIVE,0,,1,43.0,14.7,17.7,32.4,-13.1,15.3,2.2,3.0,0.7,13.9,151.3,74.6,57.6
614,15,Nicolas Roy,COL,C,C/RW,143,15,29,-13.2,-13.2,-13.2,,ACTIVE,0,,8,76.0,12.4,19.9,32.4,-2.3,34.4,2.4,1.7,1.1,13.7,99.4,75.3,43.9
615,15,Otto Stenberg,STL,LW,LW,118,12,21,-13.2,-13.2,-13.2,,ACTIVE,0,,4,51.0,12.7,19.5,32.2,-3.2,21.5,2.2,3.2,0.9,13.9,111.8,97.3,40.7
616,15,Blake Lizotte,PIT,C,C,144,15,28,-13.2,-13.2,-13.2,,OUT,0,,7,67.0,12.7,17.7,30.5,2.3,36.3,1.1,1.7,1.7,13.7,91.9,76.8,44.8
617,15,Riley Stillman,EDM,D,D,248,15,28,-14.4,-13.2,-13.2,,ACTIVE,0,,2,81.0,1.7,11.1,12.8,-1.0,58.4,0.1,0.2,0.5,15.8,63.5,131.7,65.7
618,15,Rodrigo Abols,,C,C,145,15,,-13.2,-13.2,-13.2,,ACTIVE,0,,3,40.0,12.8,18.0,30.8,-3.4,26.9,2.5,3.5,0.8,13.9,114.1,82.4,42.3
619,15,Ozzy Wiesblatt,NSH,RW,RW,108,14,24,-13.2,-13.2,-13.2,,ACTIVE,0,,6,53.0,9.3,15.0,24.3,-5.6,56.4,1.7,2.4,0.5,12.5,86.2,157.1,39.5
620,15,Spencer Stastney,EDM,D,D,249,15,26,-14.4,-13.2,-13.2,,ACTIVE,0,,6,52.0,4.5,14.4,18.9,-2.1,32.7,0.3,1.1,0.7,17.3,76.3,49.7,94.7
621,15,Adam Engstrom,MTL,D,D,250,15,22,-14.4,-13.2,-13.2,,ACTIVE,0,,4,49.0,4.0,15.4,19.3,3.2,37.5,0.3,1.7,0.6,15.9,84.2,62.6,79.4
622,15,Kevin Korchinski,CHI,D,D,251,15,22,-14.4,-13.3,-13.3,,ACTIVE,0,,4,66.0,4.9,15.4,20.3,-4.3,33.3,0.2,3.8,0.7,15.9,87.1,44.8,91.0
623,15,Trevor van Riemsdyk,PIT,D,D,252,15,35,-14.5,-13.3,-13.3,,ACTIVE,0,,7,72.0,2.8,15.8,18.6,5.7,28.5,0.1,0.4,0.7,17.5,68.4,25.8,121.2
624,15,Nathan Bastian,,RW,RW,109,14,,-13.3,-13.3,-13.3,,ACTIVE,0,,4,41.0,14.0,15.5,29.5,-0.7,35.9,2.3,3.2,0.4,12.9,99.9,126.2,34.6
625,15,Dominic James,TBL,C,C,146,15,24,-13.3,-13.3,-13.3,,OUT,0,,8,67.0,14.9,20.4,35.3,3.8,22.0,1.6,2.3,0.3,13.4,118.5,105.2,29.1
626,15,Declan Chisholm,NJD,D,D,253,15,26,-14.5,-13.3,-13.3,,ACTIVE,0,,6,53.0,4.1,17.2,21.3,1.6,30.7,0.5,1.5,0.5,16.2,79.8,59.5,87.2
627,15,Seamus Casey,NJD,D,D,254,15,22,-14.5,-13.4,-13.4,,ACTIVE,0,,2,62.0,4.7,14.9,19.6,2.1,25.1,0.2,0.8,0.7,17.0,112.3,43.6,75.5
628,15,Arthur Kaliyev,,RW,RW,110,14,,-13.4,-13.4,-13.4,,ACTIVE,0,,2,48.0,15.7,15.2,30.9,-4.2,24.6,2.1,3.0,0.7,13.7,160.0,60.1,28.5
629,15,Alexander Kerfoot,NSH,C,C/LW,147,15,32,-13.4,-13.4,-13.4,,ACTIVE,0,,7,71.0,13.0,18.9,31.9,-4.0,31.9,1.2,2.9,1.5,13.5,92.0,64.8,60.8
630,15,Miles Wood,CBJ,LW,LW,119,12,31,-13.4,-13.4,-13.4,,ACTIVE,0,,6,65.0,12.7,14.8,27.5,-9.2,56.5,1.1,1.6,0.8,12.7,120.1,93.1,35.9
631,15,Henry Thrun,WPG,D,D,255,15,25,-14.6,-13.4,-13.4,,ACTIVE,0,,2,78.0,3.8,14.6,18.4,0.4,37.6,0.1,0.4,0.7,16.3,76.4,54.2,100.8
632,15,Danton Heinen,CBJ,LW,LW/RW,120,12,31,-13.4,-13.4,-13.4,,ACTIVE,0,,5,54.0,13.9,18.5,32.5,4.6,30.8,2.1,2.8,0.4,13.4,104.1,83.3,41.8
633,15,Sandis Vilmanis,FLA,LW,LW,121,12,22,-13.4,-13.4,-13.4,,ACTIVE,0,,4,47.0,15.8,18.6,34.4,-1.7,23.4,2.9,3.3,0.7,12.8,106.7,103.9,30.4
634,15,Warren Foegele,OTT,LW,LW/RW,122,12,30,-13.4,-13.4,-13.4,,OUT,0,,7,78.0,17.3,13.1,30.4,5.8,27.8,1.3,1.1,0.6,13.0,144.4,86.5,30.1
635,15,Brendan Gallagher,VAN,RW,RW,111,14,34,-13.4,-13.4,-13.4,,ACTIVE,0,,7,76.0,12.1,16.5,28.6,-4.1,44.3,2.9,3.0,0.3,12.4,128.0,92.2,30.1
636,15,Zemgus Girgensons,TBL,LW,LW/RW,123,12,32,-13.5,-13.5,-13.5,,ACTIVE,0,,7,77.0,9.1,10.7,19.8,-1.7,35.1,0.4,0.6,1.0,13.8,97.6,187.6,50.2
637,15,David Kampf,,C,C,148,15,,-13.5,-13.5,-13.5,,ACTIVE,0,,4,44.0,12.4,18.4,30.8,-6.6,27.3,2.2,3.0,0.6,15.3,102.4,76.9,44.1
638,15,Phillip Danault,MTL,C,C,149,15,33,-13.5,-13.5,-13.5,,ACTIVE,0,,7,78.0,9.3,20.1,29.4,2.7,28.3,0.7,1.4,1.2,14.9,106.1,70.2,51.9
639,15,Nick Jensen,ANA,D,D,256,15,36,-14.7,-13.5,-13.5,,ACTIVE,0,,7,75.0,3.6,17.3,20.9,1.9,24.1,0.1,0.3,0.5,17.8,65.9,57.0,97.4
640,15,Nick Leddy,,D,D,257,15,,-14.7,-13.5,-13.5,,ACTIVE,0,,4,61.0,3.8,17.0,20.9,-6.8,23.8,0.2,0.6,0.6,18.7,64.6,43.0,103.9
641,15,Luke Kunin,,C,C,150,15,,-13.5,-13.5,-13.5,,ACTIVE,0,,4,57.0,12.0,12.4,24.5,-6.3,43.7,2.3,2.8,0.6,12.4,94.4,133.1,55.1
642,15,Cody Glass,NJD,C,C,151,15,27,-13.5,-13.5,-13.5,,ACTIVE,0,,7,70.0,15.6,15.0,30.6,0.8,35.4,1.7,2.0,0.6,13.5,123.2,56.9,44.7
643,15,Matthew Kessel,NYI,D,D,258,15,26,-14.7,-13.5,-13.5,,ACTIVE,0,,5,52.0,3.8,13.3,17.1,0.9,35.5,0.3,1.4,0.5,16.6,71.3,72.9,89.3
644,15,Adam Erne,,LW,LW,124,12,,-13.5,-13.5,-13.5,,ACTIVE,0,,4,54.0,12.4,13.8,26.2,-1.6,27.0,1.6,2.2,0.4,11.7,100.8,207.9,41.0
645,15,Olli Maatta,MIN,D,D,259,15,32,-14.7,-13.5,-13.5,,ACTIVE,0,,7,73.0,3.7,19.4,23.2,-3.9,19.1,0.1,0.4,0.8,17.4,70.5,31.8,116.1
646,15,Jake Bean,,D,D,260,15,,-14.7,-13.5,-13.5,,INJURY_RESERVE,0,,3,66.0,3.5,11.9,15.5,-5.2,41.0,0.1,0.5,0.5,16.7,89.6,37.5,108.1
647,15,Noah Ostlund,BUF,C,C,152,15,22,-13.5,-13.5,-13.5,,ACTIVE,0,,9,75.0,15.0,22.8,37.9,6.2,24.2,2.9,5.0,0.3,14.2,95.7,17.8,40.8
648,15,Victor Mancini,VAN,D,D,261,15,24,-14.7,-13.5,-13.5,,ACTIVE,0,,5,60.0,3.9,16.3,20.2,-7.5,34.3,0.6,1.1,0.4,15.5,66.3,94.2,95.0
649,15,Dmitri Simashev,UTA,D,D,262,15,21,-14.7,-13.5,-13.5,,ACTIVE,0,,6,75.0,3.5,12.5,16.0,-3.0,49.1,0.2,0.7,0.3,15.7,84.6,61.8,92.4
650,15,Ethen Frank,WSH,RW,RW,112,14,28,-13.5,-13.5,-13.5,,ACTIVE,0,,6,67.0,15.6,15.5,31.1,5.1,24.2,2.9,3.6,0.3,12.8,115.8,68.8,54.2
651,15,Nicolas Deslauriers,CAR,RW,LW/RW,113,14,35,-13.6,-13.6,-13.6,,ACTIVE,0,,7,53.0,8.9,12.7,21.6,-6.7,62.6,1.9,2.6,0.4,11.0,88.2,190.6,28.7
652,15,Jared Wright,LAK,LW,LW,125,12,23,-13.6,-13.6,-13.6,,ACTIVE,0,,5,49.0,11.1,18.3,29.4,-1.0,23.4,2.2,3.3,0.4,13.5,124.3,87.4,51.7
653,15,Jeff Petry,,D,D,263,15,,-14.8,-13.6,-13.6,,ACTIVE,0,,3,60.0,2.6,12.8,15.3,-8.0,37.8,0.2,2.8,0.5,16.1,64.4,92.9,100.7
654,15,Beck Malenstyn,BUF,LW,LW/RW,126,12,28,-13.6,-13.6,-13.6,,ACTIVE,0,,7,75.0,7.9,9.9,17.8,-3.3,32.8,0.6,1.1,1.0,11.9,82.6,237.2,70.6
655,15,Charles-Alexis Legault,CAR,D,D,264,15,23,-14.8,-13.6,-13.6,,ACTIVE,0,,3,61.0,5.2,13.2,18.5,2.8,39.6,0.2,0.6,0.6,15.0,84.2,73.5,80.1
656,15,Nikolas Matinpalo,OTT,D,D,265,15,27,-14.8,-13.6,-13.6,,ACTIVE,0,,6,61.0,2.9,11.7,14.6,1.1,38.8,0.2,0.7,0.7,16.3,74.8,79.2,88.4
657,15,Nick Lardis,CHI,RW,RW,114,14,21,-13.6,-13.6,-13.6,,ACTIVE,0,,9,75.0,19.5,14.8,34.3,-21.9,23.7,3.7,3.2,0.3,13.3,129.8,102.9,27.2
658,15,Ian Moore,ANA,D,D,266,15,24,-14.8,-13.6,-13.6,,OUT,0,,6,72.0,5.1,14.0,19.1,-8.6,33.9,0.1,0.6,0.6,16.0,90.2,60.8,97.5
659,15,Adam Edstrom,NSH,LW,LW,127,12,25,-13.6,-13.6,-13.6,,ACTIVE,0,,6,41.0,13.6,16.4,30.1,-2.1,29.8,2.5,3.5,0.4,12.8,104.8,107.0,44.0
660,15,Steven Lorentz,TOR,LW,LW,128,12,30,-13.6,-13.6,-13.6,,ACTIVE,0,,6,57.0,11.0,15.7,26.7,-2.3,20.9,1.5,2.0,1.3,13.0,98.4,148.0,49.8
661,15,Matthew Poitras,BOS,C,C,153,15,22,-13.6,-13.6,-13.6,,OUT,0,,3,44.0,14.2,19.6,33.8,-3.1,28.1,2.5,3.6,0.4,14.2,121.2,47.5,30.3
662,15,Arttu Hyry,DAL,C,C,154,15,25,-13.6,-13.6,-13.6,,ACTIVE,0,,6,56.0,14.1,15.1,29.2,-0.1,18.6,1.8,2.7,1.4,13.4,114.9,105.6,33.7
663,15,Max Jones,EDM,LW,LW,129,12,28,-13.6,-13.6,-13.6,,ACTIVE,0,,5,52.0,12.3,16.0,28.2,-3.1,41.9,2.1,3.1,0.3,11.7,107.8,142.6,25.3
664,15,Ryan Greene,CHI,C,C/RW,155,15,22,-13.7,-13.7,-13.7,,ACTIVE,0,,6,77.0,13.1,18.7,31.7,-11.1,19.0,1.3,3.6,1.1,15.7,114.2,54.4,46.4
665,15,Elmer Soderblom,PIT,LW,LW,130,12,25,-13.7,-13.7,-13.7,,ACTIVE,0,,6,62.0,14.3,16.5,30.8,-1.6,29.0,1.7,2.2,0.3,12.9,115.2,120.3,34.0
666,15,Calvin de Haan,,D,D,267,15,,-14.9,-13.7,-13.7,,ACTIVE,0,,2,72.0,2.3,13.3,15.6,0.9,27.4,0.1,0.3,0.5,15.7,82.5,104.4,97.4
667,15,Nate Danielson,DET,C,C/RW,156,15,22,-13.7,-13.7,-13.7,,ACTIVE,0,,7,61.0,13.7,20.9,34.6,-5.8,22.2,2.6,5.9,0.3,13.8,119.1,47.6,37.8
668,15,Theo Lindstein,STL,D,D,268,15,21,-14.9,-13.7,-13.7,,ACTIVE,0,,5,69.0,6.5,11.1,17.6,13.6,27.4,0.1,0.4,0.6,16.3,96.4,48.9,74.3
669,15,Radim Mrtka,BUF,D,D,269,15,19,-14.9,-13.7,-13.7,,ACTIVE,0,,2,79.0,1.8,12.9,14.7,-0.8,46.5,0.1,0.2,0.5,15.9,65.9,102.4,77.1
670,15,Nikita Chibrikov,WPG,RW,RW,115,14,23,-13.7,-13.7,-13.7,,ACTIVE,0,,2,66.0,11.1,15.3,26.4,-11.6,41.3,1.9,2.3,0.7,12.5,106.3,126.8,44.7
671,15,Michael Brandsegg-Nygard,DET,RW,RW,116,14,20,-13.8,-13.8,-13.8,,ACTIVE,0,,5,77.0,12.1,15.9,28.0,-5.1,26.2,1.3,2.2,0.4,12.2,123.3,166.3,32.6
672,15,John Beecher,FLA,C,C,157,15,25,-13.8,-13.8,-13.8,,ACTIVE,0,,6,51.0,11.8,15.4,27.2,-6.4,37.2,2.4,3.1,1.1,13.0,95.6,78.4,54.8
673,15,Andre Burakovsky,OTT,RW,RW,117,14,31,-13.8,-13.8,-13.8,,ACTIVE,0,,7,73.0,12.3,24.7,37.1,-18.4,20.3,3.1,7.0,0.3,15.4,109.5,28.3,34.0
674,15,Samuel Honzek,CGY,LW,LW,131,12,21,-13.8,-13.8,-13.8,,ACTIVE,0,,5,61.0,13.2,15.7,28.9,1.4,21.0,1.7,2.7,0.4,13.7,115.4,116.0,34.2
675,15,Brandon Duhaime,TOR,LW,LW,132,12,29,-13.8,-13.8,-13.8,,ACTIVE,0,,7,76.0,7.8,9.1,16.9,-2.2,71.9,0.5,0.9,0.6,11.5,80.2,163.4,54.5
676,15,Noah Gregor,WPG,LW,LW,133,12,28,-13.9,-13.9,-13.9,,ACTIVE,0,,6,48.0,13.0,16.0,29.0,-9.5,37.1,2.1,4.6,0.4,12.7,116.0,90.5,36.2
677,15,Mitchell Chaffee,NYI,RW,RW,118,14,28,-13.9,-13.9,-13.9,,ACTIVE,0,,4,62.0,11.6,13.4,25.0,-5.6,24.3,4.2,2.5,0.6,12.8,87.6,162.2,35.7
678,15,Tyson Jost,,LW,LW/RW,134,12,,-13.9,-13.9,-13.9,,ACTIVE,0,,4,56.0,12.2,15.1,27.2,-10.5,35.2,1.9,2.5,0.9,13.5,119.0,79.6,43.1
679,15,Maxim Tsyplakov,CGY,RW,RW,119,14,28,-13.9,-13.9,-13.9,,ACTIVE,0,,7,75.0,10.8,20.6,31.4,-11.1,27.6,2.3,4.3,0.7,11.5,115.2,128.3,29.4
680,15,Pierre-Olivier Joseph,CAR,D,D,270,15,27,-15.1,-13.9,-13.9,,ACTIVE,0,,4,56.0,3.9,14.4,18.3,-8.3,42.0,0.3,1.0,0.5,15.5,75.8,69.5,85.1
681,15,David Jiricek,PHI,D,D,271,15,22,-15.1,-13.9,-13.9,,ACTIVE,0,,7,66.0,3.2,12.6,15.8,0.1,49.0,0.2,0.8,0.3,15.7,77.5,54.1,81.5
682,15,Brad Lambert,WPG,LW,LW/RW,135,12,22,-14.0,-14.0,-14.0,,ACTIVE,0,,7,58.0,14.1,20.5,34.6,-4.6,26.6,2.9,4.6,0.3,12.5,110.3,72.4,31.3
683,15,James van Riemsdyk,,LW,LW,136,12,,-14.0,-14.0,-14.0,,ACTIVE,0,,4,71.0,16.8,20.4,37.1,-10.0,21.2,6.1,4.9,0.3,12.2,116.0,28.4,31.2
684,15,Sean Kuraly,BOS,C,C,158,15,33,-14.0,-14.0,-14.0,,ACTIVE,0,,7,76.0,8.9,14.5,23.4,-2.6,39.4,0.5,0.8,1.6,13.0,104.9,111.6,46.4
685,15,Zack MacEwen,TOR,C,C,159,15,30,-14.0,-14.0,-14.0,,ACTIVE,0,,4,57.0,10.8,11.9,22.7,-1.3,64.2,1.5,2.0,0.4,10.7,91.7,146.4,32.1
686,15,Brennan Othmann,CGY,LW,LW,137,12,23,-14.0,-14.0,-14.0,,ACTIVE,0,,4,56.0,12.8,14.1,26.9,-3.1,35.4,2.3,2.8,0.7,12.2,98.5,126.5,32.5
687,15,Gustav Nyquist,,RW,RW,120,14,,-14.0,-14.0,-14.0,,ACTIVE,0,,4,64.0,11.2,22.1,33.3,-7.8,18.8,2.6,7.7,0.4,14.0,109.8,48.5,36.2
688,15,Rutger McGroarty,,LW,LW,138,12,,-14.0,-14.0,-14.0,,ACTIVE,0,,5,59.0,14.4,17.4,31.9,-5.1,20.8,1.8,2.3,0.4,13.6,128.4,84.5,35.3
689,15,Marc Gatcomb,VGK,LW,LW/RW,139,12,27,-14.0,-14.0,-14.0,,ACTIVE,0,,7,62.0,11.7,10.5,22.2,-4.1,24.9,1.3,1.8,0.3,11.3,100.0,241.3,40.9
690,15,Nikita Nesterenko,ANA,LW,LW,140,12,25,-14.0,-14.0,-14.0,,ACTIVE,0,,5,74.0,12.9,16.9,29.8,-6.6,18.1,0.8,1.4,0.7,13.9,100.3,160.9,29.9
691,15,Berkly Catton,SEA,LW,C/LW,141,12,20,-14.0,-14.0,-14.0,,ACTIVE,0,,9,75.0,13.6,18.7,32.3,-6.1,38.9,2.5,3.4,0.3,13.8,116.7,20.9,39.0
692,15,Jani Nyman,,RW,RW,121,14,,-14.1,-14.1,-14.1,,ACTIVE,0,,6,62.0,14.6,16.4,31.0,-6.2,24.2,4.2,5.0,0.3,12.6,119.2,70.9,27.6
693,15,Trent Frederic,EDM,LW,LW,142,12,28,-14.1,-14.1,-14.1,,ACTIVE,0,,7,76.0,9.8,9.9,19.7,-10.6,57.9,0.9,1.3,0.3,11.7,98.0,193.3,32.5
694,15,Isaac Howard,EDM,LW,LW,143,12,22,-14.1,-14.1,-14.1,,ACTIVE,0,,8,73.0,15.9,18.6,34.5,-9.2,32.4,2.0,2.4,0.3,13.9,137.4,34.7,24.0
695,15,Ryan Reaves,,RW,RW,122,14,,-14.1,-14.1,-14.1,,ACTIVE,0,,4,41.0,11.8,15.3,27.0,-2.9,34.7,2.3,3.2,0.4,11.8,89.2,154.2,32.1
696,15,Jonathan Lekkerimaki,VAN,RW,RW,123,14,22,-14.1,-14.1,-14.1,,ACTIVE,0,,7,69.0,16.2,16.0,32.2,-9.8,17.1,2.6,4.6,0.7,14.3,113.4,65.0,31.4
697,15,Tyson Kozak,BUF,C,C,160,15,23,-14.1,-14.1,-14.1,,ACTIVE,0,,6,53.0,12.0,15.5,27.5,-3.8,17.6,2.2,2.9,0.7,13.1,87.5,129.2,63.2
698,15,Calle Jarnkrok,,LW,LW/RW,144,12,,-14.1,-14.1,-14.1,,ACTIVE,0,,4,40.0,12.9,17.5,30.4,-3.7,24.8,2.4,3.9,0.7,14.1,107.0,60.8,35.0
699,15,Sam Carrick,BUF,C,C,161,15,34,-14.1,-14.1,-14.1,,ACTIVE,0,,6,69.0,10.3,11.7,21.9,0.0,64.9,0.9,1.3,0.8,11.4,90.6,114.0,38.5
700,15,Jonatan Berggren,STL,RW,LW/RW,124,14,26,-14.2,-14.2,-14.2,,ACTIVE,0,,7,75.0,13.6,21.7,35.3,-6.8,20.1,3.9,2.1,0.3,14.4,102.9,62.7,25.7
701,15,Kyle Capobianco,DAL,D,D,272,15,29,-15.3,-14.2,-14.2,,ACTIVE,0,,6,49.0,4.9,14.1,19.0,5.4,32.7,0.4,1.7,0.4,15.1,68.2,59.6,83.9
702,15,Alexey Toropchenko,STL,RW,RW,125,14,27,-14.2,-14.2,-14.2,,ACTIVE,0,,7,68.0,9.1,12.9,22.1,-7.8,31.6,0.9,1.5,1.0,12.6,97.8,157.0,59.9
703,15,Anthony Duclair,NYI,LW,LW,145,12,31,-14.2,-14.2,-14.2,,ACTIVE,0,,7,66.0,14.9,18.0,32.9,-6.3,23.6,4.2,3.6,0.3,13.4,108.4,34.2,44.9
704,15,Cody Ceci,LAK,D,D,273,15,32,-15.4,-14.2,-14.2,,ACTIVE,0,,7,82.0,2.7,12.6,15.4,-3.6,21.0,0.0,0.1,0.7,17.9,67.5,46.6,117.5
705,15,Gavin Brindley,COL,RW,RW,126,15,21,-14.3,-14.3,-14.3,,ACTIVE,0,,6,61.0,14.3,17.6,31.9,1.9,19.3,2.0,2.6,0.3,14.1,120.0,63.5,29.8
706,15,Jeff Malott,ANA,LW,LW,146,12,30,-14.3,-14.3,-14.3,,ACTIVE,0,,7,67.0,7.9,11.8,19.7,-7.2,60.1,1.0,1.4,0.3,10.6,91.7,187.0,40.0
707,15,Lenni Hameenaho,NJD,RW,RW,127,15,21,-14.3,-14.3,-14.3,,ACTIVE,0,,6,63.0,12.0,18.1,30.1,-4.0,31.2,1.8,2.7,0.3,13.6,125.2,54.6,39.0
708,15,Brett Berard,MTL,RW,LW/RW,128,15,24,-14.3,-14.3,-14.3,,ACTIVE,0,,2,73.0,9.3,14.9,24.3,-5.1,43.4,0.8,1.3,0.7,12.2,111.3,111.1,46.1
709,15,Jaroslav Chmelar,NYR,RW,RW,129,15,23,-14.3,-14.3,-14.3,,ACTIVE,0,,5,59.0,13.2,12.6,25.8,-4.8,33.5,1.6,2.1,0.3,12.6,99.0,129.7,44.2
710,15,Jordan Oesterle,,D,D,274,15,,-15.5,-14.4,-14.4,,ACTIVE,0,,2,78.0,3.8,11.1,14.9,-0.7,20.0,0.1,0.3,0.5,16.0,80.8,66.4,116.4
711,15,Marat Khusnutdinov,BOS,LW,LW,147,12,24,-14.4,-14.4,-14.4,,ACTIVE,0,,8,74.0,13.8,18.3,32.1,1.3,22.4,1.3,2.2,0.9,14.2,88.8,55.8,46.1
712,15,Adam Gaudette,SJS,C,C/RW,162,15,29,-14.4,-14.4,-14.4,,OUT,0,,6,67.0,19.3,12.7,32.0,-4.0,21.9,3.3,4.0,0.3,12.1,114.1,67.0,38.0
713,15,Cole Koepke,WPG,LW,LW,148,12,28,-14.4,-14.4,-14.4,,ACTIVE,0,,7,73.0,11.3,12.2,23.5,-0.6,21.4,0.7,1.0,1.4,11.1,107.2,198.6,28.9
714,15,Egor Zamula,,D,D,275,15,,-15.6,-14.4,-14.4,,ACTIVE,0,,4,55.0,3.6,14.4,18.0,5.5,27.7,0.2,1.5,0.5,15.5,64.6,48.6,98.7
715,15,Jesperi Kotkaniemi,CAR,C,C,163,15,26,-14.4,-14.4,-14.4,,ACTIVE,0,,6,64.0,11.7,18.2,29.9,2.4,31.0,1.6,2.4,0.4,12.5,107.5,91.1,33.1
716,15,Stian Solberg,ANA,D,D,276,15,20,-15.6,-14.4,-14.4,,ACTIVE,0,,2,80.0,1.7,9.3,11.1,-3.3,50.7,0.1,0.3,0.4,15.0,65.7,106.8,76.9
717,15,Liam Ohgren,VAN,LW,LW,149,13,22,-14.5,-14.5,-14.5,,ACTIVE,0,,8,79.0,12.9,16.5,29.5,-14.7,9.7,1.2,1.6,0.6,15.1,125.2,88.7,52.0
718,15,Aatu Raty,VAN,C,C,164,15,23,-14.5,-14.5,-14.5,,ACTIVE,0,,7,75.0,10.9,14.5,25.4,-6.0,30.9,0.7,1.2,0.6,12.4,94.7,187.3,25.5
719,15,Ethan Del Mastro,CHI,D,D,277,15,23,-15.6,-14.5,-14.5,,ACTIVE,0,,3,68.0,3.3,11.7,15.0,-3.7,29.7,0.1,0.4,0.5,15.5,72.7,89.3,92.0
720,15,Mason Appleton,DET,RW,RW,130,15,30,-14.5,-14.5,-14.5,,ACTIVE,0,,7,73.0,10.2,14.1,24.3,-1.0,39.6,0.7,1.3,0.8,13.8,95.6,98.2,37.5
721,15,Ville Koivunen,PIT,RW,RW,131,15,23,-14.5,-14.5,-14.5,,ACTIVE,0,,6,58.0,11.4,19.4,30.9,-8.2,24.5,3.5,5.7,0.3,14.1,105.8,33.1,36.5
722,15,Oliver Moore,CHI,C,C/LW,165,15,21,-14.5,-14.5,-14.5,,ACTIVE,0,,7,76.0,10.8,24.4,35.2,-14.7,33.3,3.6,4.7,0.4,12.6,104.8,45.6,25.1
723,15,Frederic Brunet,BOS,D,D,278,15,23,-15.7,-14.5,-14.5,,ACTIVE,0,,2,62.0,3.6,10.2,13.8,-0.6,25.2,0.2,0.7,0.5,16.1,86.2,84.3,81.8
724,15,Pontus Holmberg,TBL,LW,LW/RW,150,13,27,-14.5,-14.5,-14.5,,ACTIVE,0,,7,71.0,12.7,16.1,28.8,2.1,34.3,1.0,1.4,0.3,13.1,104.0,71.3,48.3
725,15,Cole Reinhardt,FLA,LW,LW,151,13,26,-14.5,-14.5,-14.5,,ACTIVE,0,,6,59.0,14.0,13.8,27.7,-4.8,31.1,1.5,2.1,0.4,12.3,91.7,150.0,28.5
726,15,Zach Metsa,BUF,D,D,279,15,27,-15.8,-14.6,-14.6,,ACTIVE,0,,5,60.0,4.2,11.8,15.9,23.7,24.2,0.2,0.8,0.4,16.8,61.4,36.2,74.7
727,15,Colton White,CBJ,D,D,280,15,29,-15.8,-14.6,-14.6,,ACTIVE,0,,4,51.0,3.2,14.4,17.7,3.9,26.4,0.3,0.9,0.5,15.1,68.3,85.0,79.4
728,15,Landon Slaggert,CHI,LW,LW,152,13,24,-14.6,-14.6,-14.6,,ACTIVE,0,,6,53.0,10.9,15.1,26.0,-3.7,32.1,2.3,3.1,0.5,13.0,100.8,91.8,37.4
729,15,Caleb Desnoyers,,C,C,166,15,,-14.6,-14.6,-14.6,,ACTIVE,0,,3,84.0,9.3,19.1,28.4,-2.1,32.5,2.5,6.4,0.7,13.5,85.3,59.8,22.8
730,15,Lukas Reichel,BOS,LW,C/LW,153,13,24,-14.6,-14.6,-14.6,,ACTIVE,0,,6,54.0,13.3,19.2,32.4,-8.2,23.1,2.7,3.5,0.4,14.0,105.6,45.5,38.4
731,15,Colin Blackwell,DAL,C,C/RW,167,15,33,-14.6,-14.6,-14.6,,OUT,0,,6,63.0,9.2,15.0,24.2,-2.5,34.9,1.2,1.8,1.0,12.9,94.8,108.6,38.6
732,15,William Carrier,CAR,LW,LW,154,13,31,-14.6,-14.6,-14.6,,ACTIVE,0,,7,66.0,11.0,13.9,24.9,2.9,27.9,1.0,1.3,0.3,11.7,104.6,172.5,28.1
733,15,Dennis Cholowski,,D,D,281,15,,-15.8,-14.6,-14.6,,ACTIVE,0,,3,62.0,4.0,14.6,18.5,-0.1,28.9,0.2,1.7,0.6,15.9,70.3,35.3,85.3
734,15,Mathieu Joseph,EDM,LW,LW,155,13,29,-14.6,-14.6,-14.6,,ACTIVE,0,,7,67.0,8.5,17.4,25.8,-6.4,29.1,1.0,1.5,0.7,12.4,92.2,144.7,46.7
735,15,Frederick Gaudreau,SEA,C,C,168,15,33,-14.6,-14.6,-14.6,,ACTIVE,0,,5,78.0,10.4,17.5,27.9,-4.2,14.0,2.0,2.5,0.4,16.1,99.7,46.5,60.7
736,15,Andrew Mangiapane,CHI,RW,RW,132,15,30,-14.6,-14.6,-14.6,,ACTIVE,0,,6,70.0,12.9,15.4,28.3,-9.6,39.8,1.2,2.2,0.4,13.3,96.3,84.5,39.0
737,15,Reilly Smith,,RW,RW,133,15,,-14.7,-14.7,-14.7,,ACTIVE,0,,4,72.0,15.2,18.8,34.0,-4.2,16.2,1.7,2.4,0.9,14.1,117.4,39.6,27.8
738,15,Brian Dumoulin,LAK,D,D,282,15,35,-15.8,-14.7,-14.7,,ACTIVE,0,,7,82.0,2.8,14.6,17.4,-1.2,21.9,0.0,0.1,0.7,17.3,62.6,46.7,92.4
739,15,Kevin Stenlund,UTA,C,C,169,15,30,-14.7,-14.7,-14.7,,ACTIVE,0,,7,73.0,10.0,14.5,24.5,-7.6,35.8,0.9,1.1,1.5,14.3,86.2,56.1,59.9
740,15,Pierre Engvall,NYI,LW,LW,156,13,30,-14.7,-14.7,-14.7,,ACTIVE,0,,4,58.0,13.5,17.1,30.6,-4.3,25.9,1.6,2.8,0.4,13.4,124.7,59.7,27.6
741,15,Juuso Parssinen,,C,C/LW,170,15,,-14.7,-14.7,-14.7,,ACTIVE,0,,4,54.0,13.7,13.5,27.2,2.8,31.9,1.6,2.2,0.4,12.7,92.3,101.8,36.6
742,15,Jackson Smith,,D,D,283,15,,-15.9,-14.7,-14.7,,ACTIVE,0,,2,84.0,2.5,15.2,17.7,-0.2,21.3,0.0,0.3,0.7,16.0,77.5,76.9,75.4
743,15,Albert Johansson,DET,D,D,284,15,25,-15.9,-14.7,-14.7,,ACTIVE,0,,7,73.0,3.7,10.9,14.6,-9.5,28.4,0.1,0.8,0.8,15.8,69.3,70.5,98.1
744,15,Jacob Quillan,TOR,C,C,171,15,24,-14.8,-14.8,-14.8,,ACTIVE,0,,4,40.0,11.0,15.3,26.2,-4.4,19.5,2.4,3.4,0.6,12.9,95.6,115.5,41.6
745,15,Tanner Pearson,,LW,LW,157,13,,-14.8,-14.8,-14.8,,ACTIVE,0,,4,60.0,12.1,15.9,28.0,2.0,28.1,1.3,2.3,0.7,12.2,99.7,91.3,42.0
746,15,Nolan Allan,SJS,D,D,285,15,23,-16.0,-14.8,-14.8,,ACTIVE,0,,2,76.0,2.5,14.9,17.4,-9.2,30.6,0.1,0.2,0.7,15.4,45.5,103.3,89.6
747,15,Michael Rasmussen,DET,C,C/LW,172,15,27,-14.8,-14.8,-14.8,,ACTIVE,0,,7,74.0,10.7,13.9,24.6,-9.2,25.3,1.2,1.6,0.9,13.0,96.7,100.2,70.1
748,15,Brandon Tanev,UTA,LW,LW,158,13,34,-14.8,-14.8,-14.8,,ACTIVE,0,,7,63.0,8.4,11.9,20.3,-9.9,45.7,1.2,1.7,0.3,11.2,86.8,166.3,57.1
749,15,Brett Leason,SJS,RW,RW,134,15,27,-14.8,-14.8,-14.8,,ACTIVE,0,,3,57.0,11.3,15.7,26.9,-8.0,23.9,1.5,2.0,0.7,13.6,108.0,81.0,49.1
750,15,Ryan Winterton,SEA,LW,LW/RW,159,13,23,-14.9,-14.9,-14.9,,ACTIVE,0,,7,69.0,10.1,18.5,28.5,-2.0,22.1,1.1,1.6,0.7,12.6,113.6,94.5,42.3
751,15,Rafael Harvey-Pinard,,LW,LW,160,13,,-14.9,-14.9,-14.9,,ACTIVE,0,,2,83.0,13.8,13.4,27.2,-3.8,16.0,0.7,1.3,0.4,12.5,86.6,107.4,95.0
752,15,Vinnie Hinostroza,COL,RW,RW,135,15,32,-14.9,-14.9,-14.9,,ACTIVE,0,,6,54.0,11.4,18.1,29.4,-6.1,31.9,2.5,3.6,0.3,12.7,103.9,59.8,33.3
753,15,Kailer Yamamoto,UTA,RW,RW,136,15,28,-14.9,-14.9,-14.9,,ACTIVE,0,,6,66.0,15.5,16.6,32.2,5.2,23.7,1.5,2.6,0.3,12.7,98.5,66.9,31.3
754,15,Joakim Kemell,,RW,RW,137,15,,-14.9,-14.9,-14.9,,ACTIVE,0,,3,55.0,11.4,15.2,26.7,8.9,17.1,1.6,2.1,0.6,12.9,93.3,105.9,39.7
755,15,Tim Washe,ANA,C,C,173,15,25,-14.9,-14.9,-14.9,,ACTIVE,0,,7,74.0,8.5,10.6,19.1,-7.6,30.6,0.8,1.1,0.7,12.9,87.9,173.1,48.8
756,15,Ben Meyers,SEA,C,C,174,15,27,-15.0,-15.0,-15.0,,ACTIVE,0,,5,62.0,12.0,16.7,28.7,-11.7,26.0,1.3,2.0,1.0,13.4,103.0,92.3,26.2
757,15,Luca Del Bel Belluz,CBJ,C,C,175,15,22,-15.0,-15.0,-15.0,,OUT,0,,4,61.0,11.5,18.0,29.6,-5.6,20.8,2.2,3.1,0.4,14.6,104.1,34.9,43.7
758,15,Marcus Johansson,,LW,LW/RW,161,13,,-15.0,-15.0,-15.0,,ACTIVE,0,,2,77.0,11.5,22.0,33.5,-3.9,14.6,1.7,2.3,0.9,13.7,118.2,42.4,26.0
759,15,Tanner Molendyk,NSH,D,D,286,15,21,-16.2,-15.0,-15.0,,ACTIVE,0,,2,82.0,3.6,12.5,16.1,-1.3,24.7,0.0,0.3,0.6,15.7,91.2,47.3,80.9
760,15,Brandon Saad,,LW,LW,162,13,,-15.1,-15.1,-15.1,,ACTIVE,0,,4,62.0,13.9,15.7,29.6,-4.0,22.0,1.7,1.6,0.5,14.1,127.5,29.7,34.0
761,15,Dakota Mermis,TOR,D,D,287,15,32,-16.3,-15.1,-15.1,,ACTIVE,0,,2,77.0,4.3,8.9,13.2,-2.9,54.4,0.1,0.4,0.4,15.2,49.0,57.5,74.7
762,15,Owen Beck,MTL,C,C,176,15,22,-15.1,-15.1,-15.1,,ACTIVE,0,,3,53.0,10.8,13.0,23.8,9.5,31.0,1.7,2.3,0.4,11.7,90.2,107.3,42.4
763,15,Zack Ostapchuk,SJS,C,C,177,15,23,-15.1,-15.1,-15.1,,ACTIVE,0,,7,61.0,8.7,10.9,19.6,-7.9,52.9,1.4,1.9,0.5,11.1,80.0,148.0,39.9
764,15,Brendan Gaunce,BOS,C,C/LW,178,15,32,-15.2,-15.2,-15.2,,ACTIVE,0,,4,52.0,8.6,13.5,22.1,-4.9,25.6,1.8,2.5,1.3,11.7,104.4,118.1,35.4
765,15,Radek Faksa,DAL,C,C,179,15,32,-15.2,-15.2,-15.2,,ACTIVE,0,,7,73.0,7.1,16.3,23.4,-0.6,27.7,0.7,0.9,1.9,12.0,74.7,106.9,56.7
766,15,Ivan Miroshnichenko,WSH,LW,LW,163,13,22,-15.2,-15.2,-15.2,,ACTIVE,0,,3,58.0,12.4,12.3,24.7,2.5,20.7,1.4,1.9,0.6,12.8,94.5,113.9,37.8
767,15,Barclay Goodrow,SJS,LW,LW/RW,164,13,33,-15.2,-15.2,-15.2,,ACTIVE,0,,6,76.0,6.4,8.1,14.5,-17.2,68.3,0.4,1.1,0.8,11.8,71.3,135.7,60.5
768,15,Isak Rosen,WPG,LW,LW,165,13,23,-15.3,-15.3,-15.3,,ACTIVE,0,,8,73.0,15.5,14.7,30.2,-7.7,14.2,2.7,5.5,0.3,13.2,107.3,46.3,40.8
769,15,Mark Jankowski,CAR,C,C,180,15,32,-15.3,-15.3,-15.3,,ACTIVE,0,,7,66.0,14.5,14.5,29.0,5.5,26.6,1.3,2.7,0.8,12.0,93.7,51.5,46.0
770,15,Carter Mazur,DET,LW,LW,166,13,24,-15.3,-15.3,-15.3,,ACTIVE,0,,1,60.0,13.8,14.6,28.4,-4.6,35.0,1.3,1.8,0.7,11.7,93.5,60.2,52.7
771,15,Curtis Lazar,,C,C/RW,181,15,,-15.3,-15.3,-15.3,,ACTIVE,0,,4,53.0,11.2,13.8,25.0,-2.6,26.8,1.7,2.3,0.5,11.6,87.2,134.7,39.5
772,15,Cole Schwindt,FLA,C,C,182,15,25,-15.3,-15.3,-15.3,,ACTIVE,0,,6,52.0,12.0,17.0,29.0,-0.2,15.8,2.3,3.2,0.6,12.3,98.1,85.7,35.1
773,15,Colton Sissons,TOR,C,C,183,15,32,-15.3,-15.3,-15.3,,ACTIVE,0,,7,74.0,10.2,11.9,22.1,-8.5,31.6,0.9,2.3,0.6,12.6,94.9,106.2,56.2
774,15,Ryan Lomberg,CBJ,LW,LW,167,13,31,-15.4,-15.4,-15.4,,ACTIVE,0,,7,64.0,8.5,11.0,19.5,-4.8,60.9,1.2,1.6,0.3,10.4,89.0,138.9,27.0
775,15,Nils Hoglander,NSH,LW,LW,168,13,25,-15.4,-15.4,-15.4,,ACTIVE,0,,7,71.0,11.7,15.5,27.3,-0.9,31.7,1.3,1.7,0.3,12.4,101.1,97.1,25.3
776,15,Samuel Helenius,LAK,C,C,184,15,23,-15.4,-15.4,-15.4,,ACTIVE,0,,7,62.0,10.5,11.1,21.6,-4.8,48.3,1.2,1.6,0.3,9.9,78.7,178.2,29.7
777,15,Conor Sheary,BUF,LW,LW/RW,169,13,34,-15.4,-15.4,-15.4,,ACTIVE,0,,6,71.0,10.5,16.7,27.1,-0.6,20.8,1.0,3.6,0.6,13.7,105.7,36.7,49.2
778,15,Stephen Halliday,OTT,C,C/LW,185,15,24,-15.4,-15.4,-15.4,,ACTIVE,0,,7,70.0,12.5,18.4,30.9,-0.9,17.4,1.3,5.5,0.3,11.3,105.4,89.3,30.7
779,15,William Villeneuve,,D,D,288,15,,-16.6,-15.5,-15.5,,ACTIVE,0,,2,83.0,1.6,7.3,8.9,-3.8,40.3,0.0,0.2,0.4,14.9,68.3,93.2,81.7
780,15,Casey Cizikas,NYI,C,C,186,15,35,-15.5,-15.5,-15.5,,ACTIVE,0,,7,79.0,9.4,10.0,19.4,-4.8,28.3,0.4,0.6,1.1,11.7,85.1,153.9,58.7
781,15,Logan O'Connor,COL,RW,RW,138,15,30,-15.5,-15.5,-15.5,,ACTIVE,0,,6,79.0,11.4,14.2,25.6,-0.1,32.8,0.5,0.8,0.4,13.1,99.1,73.6,45.4
782,15,Paul Cotter,VAN,LW,LW,170,13,26,-15.5,-15.5,-15.5,,ACTIVE,0,,7,79.0,12.0,9.3,21.3,-17.0,33.2,0.7,1.2,0.3,11.8,82.9,213.2,28.5
783,15,Kyle MacLean,NYI,LW,LW/RW,171,13,27,-15.5,-15.5,-15.5,,ACTIVE,0,,5,54.0,9.5,14.0,23.4,-5.5,34.6,1.7,2.4,0.4,11.6,89.2,129.5,32.7
784,15,Reid Schaefer,NSH,LW,LW,172,13,23,-15.6,-15.6,-15.6,,ACTIVE,0,,5,64.0,12.6,10.0,22.6,-10.9,28.5,1.1,1.5,0.3,11.4,86.7,162.6,50.4
785,15,Jack Finley,STL,C,C,187,15,24,-15.6,-15.6,-15.6,,ACTIVE,0,,7,66.0,8.9,11.9,20.8,2.0,53.2,1.3,1.7,0.4,11.1,75.2,122.1,24.5
786,15,Adam Jiricek,STL,D,D,289,15,20,-16.8,-15.6,-15.6,,ACTIVE,0,,2,79.0,2.8,10.5,13.3,-0.8,17.1,0.1,0.2,0.5,15.9,80.7,74.4,77.1
787,15,Taylor Ward,LAK,RW,RW,139,15,28,-15.7,-15.7,-15.7,,ACTIVE,0,,5,56.0,11.0,14.4,25.4,0.0,22.9,1.8,2.7,0.3,12.9,105.7,80.7,27.4
788,15,Nico Sturm,MIN,C,C,188,15,31,-15.7,-15.7,-15.7,,ACTIVE,0,,5,67.0,11.3,13.1,24.3,-4.7,26.9,1.0,1.5,1.2,12.4,85.6,94.8,39.3
789,15,Jacob Bryson,DET,D,D,290,15,28,-16.9,-15.8,-15.8,,ACTIVE,0,,6,56.0,3.8,14.5,18.3,-1.7,27.4,0.3,1.0,0.5,14.4,58.6,50.6,77.4
790,15,Ryan Johnson,BUF,D,D,291,15,25,-16.9,-15.8,-15.8,,ACTIVE,0,,2,76.0,2.0,13.4,15.3,-0.4,26.2,0.1,0.3,0.5,16.0,73.4,23.7,80.8
791,15,Eric Robinson,CAR,LW,LW/RW,173,13,31,-15.8,-15.8,-15.8,,ACTIVE,0,,7,73.0,13.2,13.4,26.5,5.6,16.7,0.7,0.9,0.9,11.8,105.9,108.9,21.9
792,15,Ondrej Palat,NYI,LW,LW,174,13,35,-15.8,-15.8,-15.8,,ACTIVE,0,,6,77.0,9.2,14.1,23.3,-5.7,18.1,1.3,2.1,0.3,12.4,89.8,118.5,60.4
793,15,Jonny Brodzinski,,RW,RW,140,15,,-15.9,-15.9,-15.9,,ACTIVE,0,,6,64.0,13.0,16.3,29.3,-1.2,17.7,1.6,3.6,0.3,12.1,108.8,62.6,30.8
794,15,Joe Veleno,,C,C/LW,189,15,,-15.9,-15.9,-15.9,,ACTIVE,0,,5,75.0,8.4,10.9,19.3,-10.8,25.7,1.1,1.3,0.6,11.9,80.9,177.3,42.4
795,15,Maxim Strbak,BUF,D,D,292,15,21,-17.1,-15.9,-15.9,,ACTIVE,0,,2,80.0,2.7,8.8,11.6,-3.3,24.5,0.1,0.3,0.4,15.0,79.0,80.2,75.9
796,15,Jaycob Megna,VGK,D,D,293,15,33,-17.1,-15.9,-15.9,,ACTIVE,0,,2,83.0,0.6,8.3,8.9,-3.8,33.3,0.0,0.2,0.4,14.9,53.4,66.0,112.9
797,15,Alex Turcotte,LAK,C,C,190,15,25,-16.1,-16.1,-16.1,,ACTIVE,0,,6,71.0,9.4,18.1,27.6,-3.0,26.7,1.4,1.8,0.3,11.9,100.0,65.7,43.2
798,15,Josh Dunne,,C,C/LW,191,15,,-16.2,-16.2,-16.2,,ACTIVE,0,,3,62.0,6.9,11.5,18.3,-12.0,64.7,1.2,1.6,0.3,10.9,81.5,92.9,38.7
799,15,Jansen Harkins,TBL,C,C,192,15,29,-16.2,-16.2,-16.2,,ACTIVE,0,,5,68.0,6.9,11.1,18.0,-9.8,39.1,1.2,1.4,0.3,10.5,80.6,174.5,41.9
800,15,Owen Pickering,,D,D,294,15,,-17.4,-16.2,-16.2,,ACTIVE,0,,3,74.0,4.8,9.9,14.7,-2.1,25.3,0.1,0.3,0.5,15.3,61.8,49.0,74.5
801,15,Jake Christiansen,CBJ,D,D,295,15,27,-17.4,-16.2,-16.2,,ACTIVE,0,,7,60.0,2.9,11.8,14.7,-2.2,27.0,0.3,0.9,0.4,13.4,70.3,71.1,75.4
802,15,Alexander Holtz,VGK,RW,RW,141,15,24,-16.2,-16.2,-16.2,,ACTIVE,0,,6,70.0,11.7,16.6,28.2,-5.8,24.1,1.3,1.6,0.3,12.0,107.7,75.7,27.4
803,15,Lukas Cormier,,D,D,296,15,,-17.5,-16.3,-16.3,,OUT,0,,2,80.0,1.7,10.3,12.0,-3.3,21.1,0.1,0.3,0.4,15.0,70.6,76.7,76.4
804,15,Tanner Laczynski,VGK,C,C,193,15,29,-16.3,-16.3,-16.3,,ACTIVE,0,,3,70.0,6.1,19.0,25.1,-0.4,27.1,0.8,8.3,0.7,12.5,84.5,27.1,31.3
805,15,Tyler Pitlick,MIN,RW,RW,142,15,34,-16.3,-16.3,-16.3,,ACTIVE,0,,4,55.0,8.8,10.5,19.3,-7.9,32.7,1.6,2.1,0.3,11.5,88.4,128.9,36.9
806,15,Max Sasson,VAN,C,C,194,15,26,-16.4,-16.4,-16.4,,ACTIVE,0,,6,68.0,14.1,12.7,26.8,-8.7,26.7,1.3,2.5,0.4,12.4,94.6,48.1,43.0
807,15,Jacob Moverare,,D,D,297,15,,-17.6,-16.4,-16.4,,ACTIVE,0,,1,74.0,1.7,9.4,11.0,-2.4,21.8,0.1,0.4,0.4,15.4,53.2,54.6,99.0
808,15,Roger McQueen,ANA,C,C,195,15,19,-16.5,-16.5,-16.5,,ACTIVE,0,,2,83.0,10.8,12.4,23.2,-5.5,40.1,0.3,0.7,0.8,11.7,110.8,56.1,25.1
809,15,Joshua Roy,,LW,LW,175,14,,-16.5,-16.5,-16.5,,ACTIVE,0,,2,77.0,11.1,15.0,26.1,-3.7,23.9,1.0,1.6,0.4,12.7,110.9,55.8,21.4
810,15,Connor Mackey,CHI,D,D,298,15,30,-17.8,-16.6,-16.6,,ACTIVE,0,,2,82.0,1.6,4.5,6.1,-3.6,55.7,0.1,0.2,0.4,14.9,47.2,72.3,47.4
811,15,Joel Kiviranta,DAL,LW,LW/RW,176,14,30,-16.6,-16.6,-16.6,,ACTIVE,0,,7,70.0,10.1,11.6,21.6,7.1,21.5,0.9,1.4,0.6,11.2,91.5,104.0,33.9
812,15,Sam Lafferty,FLA,C,C/RW,196,15,31,-16.6,-16.6,-16.6,,ACTIVE,0,,4,57.0,10.3,11.7,22.0,-5.2,33.1,1.5,2.0,0.3,11.8,80.6,102.6,26.4
813,15,Taylor Raddysh,NYR,RW,RW,143,15,28,-16.7,-16.7,-16.7,,ACTIVE,0,,7,75.0,10.2,15.5,25.6,-2.5,20.6,1.0,2.0,0.8,12.2,85.7,61.0,40.6
814,15,Evgenii Dadonov,,RW,RW,144,15,,-16.8,-16.8,-16.8,,ACTIVE,0,,4,65.0,13.0,13.9,26.8,-7.9,16.6,2.5,2.2,0.3,12.1,102.9,41.4,41.1
815,15,Fedor Svechkov,COL,C,C,197,15,23,-16.9,-16.9,-16.9,,ACTIVE,0,,8,76.0,8.8,15.8,24.6,-7.3,25.4,0.8,1.2,0.6,12.2,91.7,66.4,39.6
816,15,Luke Glendening,,C,C/RW,198,15,,-16.9,-16.9,-16.9,,ACTIVE,0,,4,59.0,8.9,10.2,19.1,-5.5,20.4,1.4,1.9,0.8,12.1,79.2,95.5,53.4
817,15,Mattias Janmark,EDM,RW,LW/RW,145,15,33,-16.9,-16.9,-16.9,,INJURY_RESERVE,0,,6,61.0,7.4,15.9,23.3,-7.9,35.0,1.4,2.0,0.9,12.9,76.7,39.8,29.6
818,15,Ivan Ivan,BOS,C,C,199,15,24,-16.9,-16.9,-16.9,,ACTIVE,0,,3,48.0,12.2,13.3,25.5,-4.8,22.7,2.0,2.8,0.4,12.2,98.4,42.3,25.6
819,15,Isac Lundestrom,CBJ,C,C,200,15,26,-16.9,-16.9,-16.9,,OUT,0,,6,62.0,9.0,13.8,22.8,-3.4,15.3,1.4,2.1,0.7,13.1,86.3,54.2,47.2
820,15,Isaiah George,NYI,D,D,299,15,22,-18.1,-17.0,-17.0,,ACTIVE,0,,2,79.0,2.8,9.5,12.3,-3.2,16.6,0.1,0.3,0.4,15.1,67.9,39.1,86.0
821,15,Hendrix Lapierre,PIT,C,C,201,15,24,-17.0,-17.0,-17.0,,ACTIVE,0,,6,70.0,8.5,19.8,28.3,-1.2,31.1,1.2,1.8,0.3,10.6,80.0,58.3,34.8
822,15,Arshdeep Bains,VAN,LW,LW,177,14,25,-17.2,-17.2,-17.2,,ACTIVE,0,,4,59.0,7.5,15.0,22.5,-9.8,35.2,1.4,4.9,0.4,11.2,78.8,73.6,21.8
823,15,Brady Martin,NSH,C,C/RW,202,15,19,-17.2,-17.2,-17.2,,ACTIVE,0,,3,79.0,8.4,11.4,19.9,-3.2,35.2,1.8,4.4,0.6,11.5,73.3,56.5,25.0
824,15,Lars Eller,FLA,C,C,203,15,37,-17.3,-17.3,-17.3,,ACTIVE,0,,7,74.0,9.2,13.3,22.5,0.8,23.9,0.9,1.2,0.8,11.3,90.4,58.8,38.7
825,15,Sheldon Dries,DET,C,C,204,15,32,-17.3,-17.3,-17.3,,ACTIVE,0,,2,76.0,10.3,7.5,17.8,-6.2,32.8,0.5,0.8,0.3,9.9,113.2,100.4,46.2
826,15,Henry Brzustewicz,,D,D,300,15,,-18.5,-17.3,-17.3,,ACTIVE,0,,2,82.0,1.6,6.5,8.1,-3.6,16.7,0.1,0.2,0.4,14.9,65.7,72.3,75.9
827,15,Oscar Fisker Molgaard,,C,C,205,15,,-17.4,-17.4,-17.4,,ACTIVE,0,,2,50.0,8.5,12.9,21.4,-4.9,24.9,1.9,2.6,0.4,12.0,80.4,61.4,36.9
828,15,Josh Samanski,EDM,C,C,206,15,24,-17.4,-17.4,-17.4,,ACTIVE,0,,7,72.0,9.8,12.5,22.3,2.0,26.8,0.9,1.2,0.4,10.9,61.5,89.9,47.1
829,15,Boris Katchouk,,LW,LW,178,14,,-17.5,-17.5,-17.5,,ACTIVE,0,,2,81.0,8.1,10.3,18.4,-4.5,26.5,0.4,0.6,0.6,11.4,99.2,115.1,18.7
830,15,Alex Barre-Boulet,SJS,LW,LW,179,14,29,-17.8,-17.8,-17.8,,DAY_TO_DAY,0,,2,76.0,12.7,7.5,20.2,-4.4,23.6,0.6,1.0,0.6,11.7,108.9,59.5,19.8
831,15,Tyson Gross,CGY,C,C,207,15,24,-17.9,-17.9,-17.9,,ACTIVE,0,,1,66.0,8.8,7.1,15.9,-5.7,40.7,1.0,1.5,0.3,10.7,81.7,58.9,52.7
832,15,Hunter Haight,,C,C,208,15,,-17.9,-17.9,-17.9,,ACTIVE,0,,1,65.0,9.0,11.4,20.4,-5.6,17.1,1.1,1.6,0.3,10.8,112.3,91.7,23.1
833,15,Kai Uchacz,,C,C,209,15,,-17.9,-17.9,-17.9,,OUT,0,,2,78.0,6.1,8.0,14.1,-6.3,40.7,0.4,0.6,0.3,9.8,73.9,146.4,35.7
834,15,Dryden Hunt,CGY,LW,LW,180,14,30,-18.0,-18.0,-18.0,,ACTIVE,0,,1,82.0,5.4,5.6,11.0,-6.5,38.7,0.2,0.3,0.3,9.5,71.2,216.5,13.9
835,15,Andrew Cristall,,LW,LW,181,14,,-18.0,-18.0,-18.0,,ACTIVE,0,,2,84.0,8.6,19.3,27.9,-3.8,13.7,0.7,1.2,0.4,12.4,86.0,44.0,19.7
836,15,David Tomasek,,RW,RW,146,15,,-18.0,-18.0,-18.0,,ACTIVE,0,,3,84.0,11.1,6.1,17.2,-4.6,37.0,0.2,0.4,0.2,11.2,109.8,62.8,22.3
837,15,Colby Barlow,,LW,LW,182,15,,-18.2,-18.2,-18.2,,ACTIVE,0,,2,83.0,10.8,8.8,19.6,-5.5,23.0,0.3,0.7,0.8,11.7,103.2,53.6,20.6
838,15,Sonny Milano,,LW,LW,183,15,,-18.3,-18.3,-18.3,,ACTIVE,0,,2,77.0,16.5,11.0,27.5,-3.7,12.6,1.0,1.6,0.3,12.7,80.2,24.4,18.0
839,15,Walker Duehr,,RW,RW,147,15,,-18.3,-18.3,-18.3,,DAY_TO_DAY,0,,2,75.0,10.0,8.7,18.7,-4.4,10.5,0.7,1.0,0.6,9.6,83.1,144.9,33.4
840,15,Oskar Back,DAL,RW,LW/RW,148,15,26,-18.5,-18.5,-18.5,,ACTIVE,0,,6,75.0,7.0,12.1,19.2,7.5,15.2,0.9,1.3,1.1,11.8,62.9,39.0,40.1
841,15,Nathan Gaucher,ANA,C,C,210,15,22,-18.7,-18.7,-18.7,,ACTIVE,0,,2,84.0,3.5,12.2,15.7,-4.6,48.1,0.2,0.4,0.6,11.2,40.5,88.1,20.2
842,15,Cole Eiserman,NYI,LW,LW,184,15,20,-18.8,-18.8,-18.8,,ACTIVE,0,,2,84.0,11.2,6.6,17.8,-4.6,20.8,0.2,0.4,0.6,11.2,109.8,50.6,19.7
843,15,Travis Boyd,,C,C,211,15,,-18.9,-18.9,-18.9,,ACTIVE,0,,2,76.0,9.2,15.3,24.4,-1.7,12.5,0.4,0.6,0.8,10.1,75.7,47.7,40.4
844,15,Justin Carbonneau,,RW,RW,149,15,,-18.9,-18.9,-18.9,,ACTIVE,0,,2,80.0,7.2,11.5,18.7,-4.5,27.7,0.4,0.7,0.6,11.5,70.5,58.4,21.0
845,15,Quentin Musty,SJS,LW,LW,185,15,21,-19.1,-19.1,-19.1,,OUT,0,,2,84.0,7.6,8.6,16.2,-4.6,30.4,0.2,0.4,0.6,11.2,76.4,60.2,20.2
846,15,Dylan Duke,TBL,LW,LW,186,15,23,-19.2,-19.2,-19.2,,ACTIVE,0,,2,83.0,7.8,8.8,16.6,-4.6,29.1,0.3,0.5,0.6,11.3,76.6,57.6,20.1
847,15,Felix Unger Sorum,CAR,RW,RW,150,15,21,-19.2,-19.2,-19.2,,ACTIVE,0,,2,78.0,6.1,16.7,22.9,-5.3,16.4,0.6,1.0,0.8,12.0,55.8,45.6,21.1
848,15,Mikael Pyyhtia,CBJ,LW,LW,187,15,24,-19.3,-19.3,-19.3,,OUT,0,,3,84.0,8.2,7.8,16.0,-11.3,13.8,0.9,1.3,0.6,11.2,68.4,50.2,65.9
849,15,Brayden Yager,WPG,C,C,212,15,21,-19.3,-19.3,-19.3,,ACTIVE,0,,2,79.0,8.4,11.2,19.6,-4.5,16.1,0.5,0.8,0.6,11.5,85.9,40.6,20.8
850,15,Liam Foudy,NYI,RW,RW,151,15,26,-19.6,-19.6,-19.6,,ACTIVE,0,,2,84.0,8.1,7.6,15.7,-4.6,10.6,0.2,0.4,0.6,11.2,89.6,80.0,20.2
851,15,Zakhar Bardakov,,C,C/LW,213,15,,-19.8,-19.8,-19.8,,ACTIVE,0,,4,74.0,2.8,14.1,16.9,7.2,20.1,0.5,0.7,0.3,10.0,59.2,67.4,31.3
852,15,Fabian Lysell,COL,RW,RW,152,15,23,-19.9,-19.9,-19.9,,ACTIVE,0,,2,84.0,7.1,12.2,19.3,-4.6,15.7,0.2,0.4,0.6,11.2,89.6,30.4,15.2
853,15,Nils Aman,,C,C,214,15,,-20.1,-20.1,-20.1,,ACTIVE,0,,1,77.0,5.5,12.0,17.5,-6.2,19.6,0.4,0.7,0.3,9.9,66.2,55.4,43.0
854,15,Anton Wahlberg,ANA,C,C,215,15,21,-20.2,-20.2,-20.2,,ACTIVE,0,,2,84.0,6.6,11.2,17.8,-4.6,15.7,0.2,0.4,0.6,11.2,68.8,46.1,19.7
855,15,Justin Robidas,CAR,C,C,216,15,23,-20.2,-20.2,-20.2,,ACTIVE,0,,2,79.0,5.9,12.7,18.6,-4.5,12.2,0.5,0.8,0.6,11.5,58.5,47.5,21.3
856,15,Juho Lammikko,,C,C,217,15,,-20.5,-20.5,-20.5,,ACTIVE,0,,2,79.0,1.1,7.4,8.5,-6.3,14.9,0.3,0.6,0.3,9.7,56.0,137.9,47.1
857,15,Tristan Broz,,C,C,218,15,,-20.8,-20.8,-20.8,,ACTIVE,0,,2,81.0,5.6,9.3,14.9,-6.4,29.9,0.2,0.4,0.3,9.6,58.0,59.0,20.2
858,15,Jack Studnicka,PHI,C,C/RW,219,15,27,-21.1,-21.1,-21.1,,ACTIVE,0,,2,81.0,4.6,3.3,7.9,-6.4,23.0,0.2,0.4,0.3,9.6,68.9,93.3,29.1
859,15,Luca Pinelli,,C,C,220,15,,-21.1,-21.1,-21.1,,ACTIVE,0,,2,83.0,6.3,7.8,14.1,-6.5,22.5,0.1,0.3,0.3,9.4,77.1,53.6,20.1
860,15,Jonas Rondbjerg,VGK,RW,RW,153,15,27,-21.2,-21.2,-21.2,,ACTIVE,0,,2,76.0,4.5,7.5,12.1,-6.2,14.5,0.5,0.8,0.3,9.9,86.7,29.7,37.1
861,15,Rory Kerins,CGY,C,C,221,15,24,-21.4,-21.4,-21.4,,ACTIVE,0,,2,78.0,5.1,11.4,16.6,-6.3,17.4,0.4,0.6,0.3,9.8,54.9,46.5,21.1
862,15,Danil Gushchin,,RW,RW,154,15,,-21.7,-21.7,-21.7,,ACTIVE,0,,2,84.0,7.1,7.1,14.2,-6.6,18.2,0.1,0.2,0.3,9.4,67.8,47.6,20.2
863,15,Filip Bystedt,SJS,C,C,222,15,22,-21.7,-21.7,-21.7,,ACTIVE,0,,2,81.0,5.6,9.3,14.9,-6.4,18.5,0.2,0.4,0.3,9.6,54.5,48.5,20.2
864,15,Nikita Prishchepov,,LW,LW,188,15,,-21.9,-21.9,-21.9,,ACTIVE,0,,2,79.0,4.0,6.3,10.3,-6.3,24.9,0.3,0.6,0.3,9.7,46.2,54.9,20.8
865,15,Justin Dowling,,C,C,223,15,,-21.9,-21.9,-21.9,,ACTIVE,0,,2,82.0,2.9,8.1,11.0,-6.5,9.2,0.2,0.3,0.3,9.5,54.2,77.0,35.4
866,15,Xavier Bourgault,,RW,RW,155,15,,-22.2,-22.2,-22.2,,ACTIVE,0,,2,82.0,5.4,9.1,14.5,-6.5,11.2,0.2,0.3,0.3,9.5,56.7,47.0,20.4
867,15,Jack Devine,FLA,RW,RW,156,15,23,-22.3,-22.3,-22.3,,ACTIVE,0,,2,80.0,4.8,7.5,12.3,-6.4,11.9,0.3,0.5,0.3,9.6,60.7,40.1,21.0
868,15,Quinn Hutson,EDM,RW,RW,157,15,24,-22.5,-22.5,-22.5,,ACTIVE,0,,2,80.0,5.8,8.5,14.3,-6.4,10.9,0.3,0.5,0.3,9.6,47.4,38.1,20.5
869,15,Kenny Connors,LAK,C,C,224,15,23,-22.5,-22.5,-22.5,,ACTIVE,0,,2,79.0,4.0,8.8,12.7,-6.3,9.2,0.3,0.6,0.3,9.7,53.6,43.6,20.8
